Ψm_A,σ_A,,Ψm_B,σ_B,,Ψm_C,σ_C,,Ψm_D,σ_D,,Ψm_E,σ_E,,Ψm_F,σ_F,,Ψm_G,σ_G,,Ψm_H,σ_H,,Ψm_I,σ_I,,Ψm_J,σ_J
31306.26059,3.60728,,4156.76073,2.71179,,3319.66509,2.7627,,3319.61979,2.76273,,64475.79031,2.92382,,11835.42867,2.35876,,10128.27797,2.30683,,5957.74032,2.46515,,6461.96213,2.15703,,11392.6067,3.19678
19296.51752,3.3017,,4979.70071,2.44063,,3408.87041,2.56243,,2956.30585,2.6098,,86094.43965,3.02021,,9311.12764,2.27879,,8981.61535,2.26678,,5435.20792,2.41404,,9882.64444,2.29865,,24403.30371,4
28237.41228,3.98034,,3445.28625,2.50989,,1883.94132,2.56029,,1810.46363,2.53986,,7344.54693,2.19971,,9018.55082,2.26815,,7805.26476,2.21999,,1775.35917,2.54862,,2832.8626,1.88215,,2411.3508,3.86649
2059.56243,3.99034,,509.97134,2.76299,,3621.96605,2.39584,,3556.05926,2.37273,,4703.01633,2.05112,,7581.32917,2.21029,,7411.55565,2.20274,,3048.87099,2.41688,,3372.18436,1.94024,,4142.89188,4
3048.6246,3.99711,,10688.33423,2.19482,,10693.85073,2.19498,,10140.16996,2.17016,,4092.10645,1.89432,,10140.21176,2.17016,,8421.56832,2.24532,,5415.11643,2.34363,,5183.42753,2.08355,,5964.5678,2.55599
4167.31867,2.66621,,2405.80464,2.37976,,2771.5104,2.34696,,2737.4506,2.34947,,48906.44086,2.83169,,6421.89125,2.15496,,6302.42384,2.1487,,2107.85136,2.40863,,3849.2297,1.98435,,6616.04198,4
28599.82726,3.40214,,5570.89144,2.67888,,4767.04992,2.67897,,4767.13362,2.67898,,38794.49353,2.75448,,11713.20947,2.3553,,9840.57649,2.29723,,6693.78117,2.45883,,8423.91845,2.24542,,21041.50865,3.44238
67513.45006,3.70843,,6988.5834,2.78019,,5984.75653,2.82591,,5984.70275,2.82593,,89633.6931,3.03363,,15438.58157,2.44735,,13306.65023,2.39781,,10416.61611,2.47842,,11508.0879,2.34941,,29955.40282,3.36748
36449.27176,3.38421,,12584.3764,2.62382,,8649.02228,2.79198,,7646.57786,2.87878,,194798.6802,3.29238,,21090.72164,2.55133,,18322.81438,2.50444,,14311.48346,2.58081,,14450.84728,2.42531,,80854.12624,4
8121.94851,2.95719,,8934.62127,2.93565,,7232.90195,2.95571,,7232.83647,2.95571,,170718.1527,3.24839,,21832.24107,2.56285,,18806.4923,2.51312,,7209.5309,2.96895,,7639.93671,2.21285,,6656.74488,2.90215
5963.89318,3.62133,,3676.89452,3.34518,,11545.26513,2.6736,,10452.28503,2.64778,,6810.87268,2.17456,,20145.05593,2.53604,,19364.22935,2.52287,,4328.11726,3.08669,,5829.2405,2.12269,,4373.82161,3.11663
9641.23369,2.67955,,9322.2782,2.66803,,11149.17618,2.65599,,10819.91359,2.62769,,25356.54046,2.61274,,19441.25555,2.52419,,18556.69992,2.50867,,9758.52934,2.66309,,8689.83137,2.25577,,21314.6605,3.57485
15072.02405,2.17375,,14811.0615,2.16988,,12219.69846,2.10839,,11472.39367,2.0883,,6800.55419,1.94512,,11472.2978,2.08829,,9080.79913,2.19505,,9080.79914,2.19505,,10632.50935,2.32303,,17104.90712,2.94736
1776.15179,2.70035,,1823.22246,2.33433,,2066.49667,2.2494,,1966.47731,2.23772,,1873.37442,1.7443,,5011.19112,2.07228,,4487.37896,2.03548,,1154.73408,2.35335,,1548.58776,1.68084,,1186.86863,2.69043
1076.06408,1.73564,,1712.87323,1.94017,,1870.40585,1.94083,,1811.21125,1.91365,,999.96885,1.53505,,2445.53778,1.83315,,2365.29777,1.82202,,1032.25709,2.08766,,1125.92167,1.5696,,1125.92078,1.5696
5134.6612,1.94459,,8052.98045,2.05986,,7406.76224,2.04683,,6882.21485,2.01905,,4586.04643,1.8992,,6882.21729,2.01905,,5718.18748,2.11627,,5255.96359,2.14515,,5291.54045,2.09043,,5570.36743,2.27966
4282.94189,2.18542,,5703.94091,2.28988,,6508.04711,2.29391,,6106.1411,2.26717,,5252.12969,2.08793,,7888.03893,2.22351,,7719.7368,2.21632,,5125.75241,2.32853,,4658.58466,2.04796,,4692.96422,2.08833
74317.45657,3.35263,,14217.47514,2.57132,,11906.50958,2.62579,,10815.92318,2.66276,,198036.3897,3.29787,,19915.45535,2.53222,,18234.95986,2.50284,,17466.16209,2.5144,,21255.31113,2.55393,,133961.6015,4
49917.83055,3.09664,,10710.43634,2.42359,,10533.09751,2.40953,,10533.0492,2.40953,,24661.13309,2.60347,,12394.07058,2.37413,,13928.17675,2.31281,,13928.17673,2.31281,,13554.41854,2.28306,,13555.3254,2.28311
53798.84161,3.04275,,8069.13856,2.43313,,7751.0243,2.43885,,7467.2932,2.45255,,59796.89199,2.89871,,11871.65194,2.35977,,12602.54086,2.29746,,12602.54097,2.29746,,16698.9144,2.4735,,48309.44653,3.52239
6268.32038,2.69921,,4230.47392,2.23874,,3561.06007,2.28232,,3286.22345,2.30559,,16958.55234,2.47865,,6240.99759,2.14544,,6040.15241,2.13453,,5416.25259,2.17216,,5444.42732,2.09992,,5842.58936,2.33907
25549.22371,2.80069,,9288.50981,2.43318,,6268.83042,2.5622,,5613.93406,2.59824,,80878.18992,2.99937,,12957.42612,2.38895,,14391.31467,2.29094,,14391.31456,2.29094,,19499.5962,2.52519,,56125.72639,3.43119
26626.79846,3.21666,,8094.71832,2.59507,,8188.38869,2.59369,,7400.36399,2.63203,,133008.3622,3.16519,,14492.13668,2.42626,,14027.07387,2.41539,,9824.09278,2.52757,,13586.6748,2.40475,,48200.5417,4
16703.88699,3.17839,,14819.64864,3.16902,,15108.01551,3.17276,,14976.78784,3.12832,,439408.4054,3.56353,,35720.12415,2.72696,,30237.2214,2.67141,,14524.85261,3.22214,,17325.31356,2.48578,,15942.34558,3.32413
8790.34486,3.37287,,8437.17238,3.37695,,5041.10495,3.03449,,4360.22826,2.95787,,213913.0579,3.32358,,22494.26378,2.57281,,17647.24509,2.49192,,3796.50805,3.37379,,5435.61352,2.09938,,3783.90671,3.36712
6262.40009,3.99933,,6232.37501,3.99998,,6767.5859,3.07203,,5556.75702,2.9651,,10626.44466,2.32284,,26306.43992,2.62499,,22437.51995,2.57197,,2290.80039,4,,6697.97147,2.16899,,2290.8006,4
13905.00673,3.74155,,11745.9294,3.7654,,8649.43681,3.32635,,7435.11517,3.31879,,534071.4535,3.62857,,33133.60558,2.70191,,27513.93234,2.63995,,5551.746,4,,11614.66637,2.35248,,5551.74677,4
4112.02086,3.24805,,4068.47662,3.276,,8939.73239,2.68248,,7255.44041,2.65033,,4538.47786,2.03925,,18772.97444,2.51253,,18154.91323,2.50137,,1999.50854,3.46442,,4079.63258,2.00373,,1997.0438,3.46167
2260.56036,2.93667,,2432.57612,3.05809,,1080.37083,2.91054,,1132.06216,2.87262,,2291.35042,1.81144,,15699.52454,2.45293,,13465.01219,2.40175,,887.67844,3.05678,,1718.96354,1.71563,,837.94706,2.88965
38353.42667,3.20623,,20916.67293,3.04679,,12770.29322,3.20223,,11874.92042,3.20295,,197874.426,3.2976,,30803.40578,2.6776,,25636.17358,2.61639,,11695.09077,3.40237,,15636.53939,2.45159,,17491.93663,3.64628
22841.41425,3.40036,,10121.31603,3.1671,,5914.25501,3.184,,5934.27354,3.14537,,167311.7431,3.24168,,23179.41659,2.58281,,18690.61944,2.51106,,5180.74136,3.41042,,8161.2106,2.23485,,5381.05249,3.43703
458617.7115,3.85829,,3571.04868,3.99997,,5769.53572,3.09119,,4850.9661,3.04364,,216954.7258,3.32829,,22575.88496,2.57402,,19064.33734,2.51766,,2244.84843,4,,6893.9804,2.17861,,2266.26499,4
16544.96465,3.40417,,13933.09961,3.38102,,10954.12443,3.46906,,10955.63891,3.44941,,342129.6867,3.48012,,32823.60602,2.69877,,26876.96562,2.63215,,10518.18255,3.46173,,14107.31442,2.41729,,10508.49613,3.46086
19382.77166,3.99857,,9894.81676,3.99945,,11064.51114,3.56597,,10791.16673,3.32219,,467658.5179,3.5843,,35721.70258,2.72698,,29321.65771,2.66117,,7876.77473,4,,15343.94571,2.4453,,7876.76826,4
13272.36947,3.50537,,13086.4832,3.48747,,7629.91323,3.45478,,8278.90477,3.40194,,410327.2679,3.54071,,31364.78917,2.68362,,25144.48537,2.60994,,6955.40214,3.65311,,10867.63697,2.33032,,6954.79469,3.65299
24061.79049,2.38156,,18107.80603,2.31003,,16577.09703,2.3017,,15949.68133,2.28517,,11937.20399,2.206,,15949.64751,2.28517,,12235.19403,2.3564,,12235.19411,2.3564,,14114.61062,2.41746,,54899.61198,3.71476
7714.4165,2.45491,,9055.11398,2.42965,,7274.79739,2.45029,,6765.89064,2.42321,,7837.63637,2.22137,,11364.26362,2.34521,,10867.58804,2.33032,,5339.3063,2.48737,,5330.96436,2.0929,,9813.82403,3.68058
7471.18711,3.98876,,4001.32221,2.49334,,3361.70849,2.50938,,3059.55006,2.5356,,66646.78619,2.93486,,10397.99869,2.31559,,9223.27714,2.27563,,4380.75227,2.44965,,4726.15673,2.05276,,8363.33804,4
8790.91419,2.84313,,5250.08734,2.40836,,4896.08558,2.42447,,4480.25972,2.44827,,66699.38588,2.93512,,10228.48479,2.31012,,9317.002,2.279,,7126.92793,2.34096,,6936.9537,2.18068,,8624.79707,2.67071
10602.17893,2.94181,,4404.44204,2.42686,,4184.512,2.395,,4184.64157,2.395,,23879.93148,2.59274,,8702.50463,2.25626,,7970.78372,2.22698,,5168.45554,2.3384,,5488.94135,2.10264,,7144.83529,2.77539
28018.74979,3.51974,,7184.56716,2.41816,,4801.2281,2.51908,,4302.92449,2.54365,,91303.3313,3.03979,,11796.10751,2.35765,,10835.01098,2.31359,,10835.01135,2.31359,,11796.04276,2.35764,,18676.57256,2.93581
87268.44206,3.79286,,10496.34945,3.14952,,12349.44893,2.54185,,12107.81489,2.5387,,38226.49911,2.74957,,16169.88201,2.46277,,15937.16683,2.4484,,15937.16675,2.4484,,21482.59184,2.55747,,72707.74834,3.67318
57954.89713,2.6227,,33874.15414,2.33132,,23056.28812,2.36024,,21410.80063,2.33555,,12099.06865,2.18286,,21409.81282,2.33554,,15474.73797,2.44813,,15279.63269,2.45178,,20960.71933,2.54927,,99631.23213,3.99464
94217.91103,3.64763,,7688.33459,2.57236,,5794.05916,2.533,,5482.0014,2.51949,,69655.91033,2.94958,,12330.28317,2.37241,,11275.97325,2.34261,,4455.79965,2.58744,,6026.89262,2.1338,,14295.30166,4
17423.80715,3.11657,,4386.85708,2.48073,,4234.68115,2.35029,,3953.01607,2.33984,,4272.98948,2.01916,,7882.70222,2.22328,,7345.83998,2.19977,,2114.0596,2.51653,,2962.96232,1.89712,,3246.67003,2.95233
47439.77463,3.21402,,8972.4275,2.51906,,6191.16818,2.61714,,5678.98337,2.64219,,105548.9975,3.08812,,14469.38922,2.42574,,14811.40897,2.34858,,14811.40912,2.34858,,19307.99459,2.5219,,75090.1571,3.70424
72346.22857,3.54768,,9531.27902,2.58889,,8504.61954,2.52157,,8504.72987,2.52158,,79385.66857,2.99316,,13736.58712,2.40841,,14276.28788,2.35405,,14276.28791,2.35405,,17375.8918,2.48675,,43650.39956,3.32689
31475.13341,3.48407,,6542.44331,3.05034,,5479.39647,2.80507,,4991.38697,2.774,,71747.08119,2.95944,,16626.33077,2.47205,,13152.63359,2.39393,,4127.96138,3.10977,,6012.24555,2.13299,,5686.34382,3.34125
5748.46365,3.99376,,2698.84964,3.6757,,10892.03825,2.6197,,9417.07559,2.58165,,6028.54543,2.13389,,17149.77401,2.48239,,16409.02615,2.46767,,2173.9288,3.62386,,5181.70497,2.08343,,3208.61955,3.99515
4538.06252,2.82296,,5248.55349,2.98177,,1722.38646,2.93417,,1722.37377,2.93414,,3010.23673,1.9024,,15526.47632,2.44924,,12735.25391,2.38318,,1619.45485,3.03988,,2292.22319,1.81156,,1517.63284,2.87449
3878.8739,2.95177,,4312.27175,3.03091,,2654.25425,2.81961,,1546.38504,2.92276,,3303.83965,1.93342,,16300.53314,2.46546,,14002.99985,2.41481,,1359.28199,3.14475,,2515.62642,1.84256,,1322.91684,3.07848
3257.61661,3.6976,,2823.76641,3.71817,,4397.21171,3.02801,,4153.70136,2.92444,,6184.33502,2.1424,,25348.2747,2.61263,,22339.2333,2.5705,,2063.15396,3.69243,,4272.04281,2.01909,,2062.99655,3.69221
10723.08195,3.73318,,9989.90594,3.72641,,9759.54433,3.7258,,8279.0586,3.28656,,1.63E+06,4,,30930.08468,2.67897,,29850.16567,2.66712,,5640.79216,4,,7298.48696,2.19761,,5640.80334,4
29514.85552,3.53762,,28749.82356,3.53983,,15222.68349,3.61702,,16204.65487,3.61275,,390922.2103,3.52456,,44544.10622,2.80055,,34426.61083,2.71467,,15823.83744,3.86933,,22855.17873,2.57812,,15823.80895,3.86933
20142.8002,3.65568,,18756.82441,3.67612,,15739.26847,3.02386,,12773.51193,2.99967,,21298.47133,2.5546,,35018.51057,2.72035,,31767.22071,2.68787,,11763.84863,3.84193,,15828.11263,2.45565,,11763.76985,3.84192
82796.88317,2.32998,,184955.3298,2.51955,,103079.589,2.52478,,91336.96202,2.49677,,28313.95881,2.23628,,91337.41863,2.49677,,43927.15419,2.7959,,20711.71154,4,,29480.59895,2.66297,,20711.71294,4
5586.86842,2.99098,,2864.63141,2.62121,,2573.3446,2.66688,,2657.11648,2.63679,,61745.37141,2.9094,,9917.46436,2.29982,,9417.31711,2.28257,,2562.82234,2.65178,,2925.49171,1.89288,,2962.90223,4
1405.39508,3.45866,,798.87364,2.90151,,1675.24827,2.68864,,1673.1945,2.65117,,2344.50686,1.81908,,10941.36764,2.33257,,9825.56056,2.29672,,1164.04411,2.75506,,1666.04425,1.70521,,1009.09054,3.34753
4063.35759,3.88196,,2993.30308,2.6256,,3077.31849,2.61958,,2971.59783,2.63174,,108859.9285,3.09841,,12307.05229,2.37178,,11111.32378,2.33771,,3766.87376,2.57391,,3984.33903,1.99585,,6058.13462,4
3002.34765,2.61156,,566.21441,3.99983,,5208.00802,2.73996,,5550.22435,2.72084,,198752.2509,3.29908,,16685.89858,2.47324,,16450.91454,2.46852,,2814.25016,3.29067,,155884.9199,3.2181,,3652.65499,3.39963
2.70E+06,3.59342,,1588.07357,3.9997,,17794.16248,2.63992,,19978.91529,2.63063,,5510.82672,2.10396,,24091.05414,2.59567,,24287.9515,2.59838,,2519.79809,3.95329,,5368.01815,2.09521,,2519.80606,3.95329
17076.43992,2.66481,,13629.27255,2.60803,,14220.78086,2.60475,,14149.37566,2.59834,,38931.0171,2.75565,,20232.20534,2.53748,,19435.78077,2.5241,,14476.77151,2.59429,,13088.65341,2.39231,,29332.78187,3.2558
8084.24093,3.27291,,8194.42552,3.28509,,2778.43346,3.1985,,3037.73284,3.19096,,259524.1161,3.38801,,22219.49879,2.56871,,17861.33335,2.49594,,2672.43905,3.50704,,4614.24787,2.04477,,2670.49122,3.50527
9215.34907,2.89853,,10284.0334,2.93793,,8789.6518,2.85598,,8273.95463,2.84846,,160289.5004,3.22738,,22240.4592,2.56903,,19561.30256,2.52624,,6772.29847,3.11353,,8327.31976,2.24157,,6598.47303,3.09262
477.10138,3.75145,,475.63635,3.74367,,1980.75712,2.7361,,1661.18726,2.75062,,1407.78728,1.64906,,10156.79586,2.30777,,9838.94812,2.29717,,372.53702,3.53816,,1389.19196,1.64463,,372.44603,3.53724
8163.02823,3.99781,,8211.51241,3.99996,,5841.35107,3.18997,,4419.25882,3.12048,,709399.5787,3.7232,,25547.80594,2.61524,,24227.18882,2.59755,,2103.4095,4,,6631.48566,2.16567,,2103.40946,4
28664.98817,3.29061,,25277.58779,3.31348,,23704.0788,3.46725,,23645.62211,3.53314,,1.43E+06,3.95693,,53417.46143,2.8611,,43197.85167,2.79032,,24203.34782,3.44179,,29287.05703,2.66077,,51377.27742,4
28256.66063,3.46672,,4373.6991,2.63862,,3679.24863,2.64878,,3679.28106,2.64874,,44364.87983,2.79921,,9886.85963,2.29879,,8483.14039,2.24775,,7568.28054,2.28576,,7736.85093,2.21705,,9704.73433,2.61334
5012.15617,2.92973,,3221.80879,2.3715,,2325.52926,2.45343,,2129.19032,2.46951,,35739.31772,2.72714,,7695.01324,2.21525,,6684.47279,2.16832,,4424.52264,2.281,,4440.02695,2.03194,,5099.01889,2.65957
3349.26353,2.68138,,2627.94652,2.33788,,1641.66872,2.4316,,1423.95452,2.45974,,28780.20334,2.65495,,5817.6738,2.12202,,5589.13169,2.10866,,2943.95694,2.30194,,2999.33915,1.90119,,3107.47042,2.71541
1536.95626,2.33566,,1838.81162,2.46716,,2048.72868,2.46808,,2009.95657,2.44804,,2359.67599,1.82123,,8197.50364,2.23633,,7248.25855,2.19531,,1661.40581,2.48914,,1831.20015,1.73671,,1749.31076,1.98991
438177.9153,3.99991,,435217.6873,4,,381005.6313,4,,372600.5419,4,,1.63E+06,4,,556490.7104,3.64227,,401352.1807,3.53334,,371900.1829,4,,401130.1268,3.53315,,371899.9686,4
47767.0687,3.23052,,8825.504,2.55833,,8349.27557,2.56736,,8349.19667,2.56736,,61185.44402,2.90636,,13719.23165,2.40799,,15073.64135,2.29325,,15073.64111,2.29325,,22558.72579,2.57376,,47212.55685,3.23141
10423.48068,2.90251,,4698.20308,2.42113,,4344.5272,2.4116,,4335.6709,2.41074,,35577.66508,2.72563,,8903.97609,2.26389,,8024.58259,2.22923,,5534.01257,2.34048,,5805.42962,2.12132,,8523.71357,2.99338
6502.98851,3.09055,,3488.74425,2.39116,,2354.7744,2.49078,,2083.19988,2.5159,,48217.57206,2.82696,,8390.86301,2.2441,,7393.94455,2.20194,,4469.65495,2.32674,,4398.9947,2.02885,,5054.06314,2.65136
4202.63134,2.77244,,4362.34212,2.57267,,3625.43435,2.61665,,3469.3454,2.62977,,89600.02971,3.03351,,12451.35538,2.37567,,10977.57218,2.33367,,4160.19299,2.57631,,3868.64463,1.98602,,4332.76714,2.70597
5140.34283,2.00617,,11612.91833,2.21385,,9418.20377,2.18228,,8955.84414,2.16475,,4741.64802,1.97496,,8955.83649,2.16475,,7848.48245,2.22183,,5534.24643,2.32079,,5167.72206,2.08253,,5532.58937,2.32014
2950.26187,2.46547,,2596.44718,2.39448,,2929.33508,2.37573,,2949.83729,2.3714,,4733.57373,2.05328,,7353.51732,2.20012,,7142.59214,2.19042,,3097.9394,2.36401,,3066.59209,1.90858,,3097.66076,2.36346
1074.01802,3.99732,,1918.05757,2.46685,,2226.13721,2.45873,,2255.15054,2.43998,,2650.91362,1.86002,,7398.91266,2.20217,,7213.68012,2.19372,,1985.22832,2.46482,,2083.27615,1.7797,,1968.96616,2.59144
4878.98408,2.01318,,20741.55125,2.39561,,19756.64574,2.39155,,18402.23354,2.36863,,4720.29892,1.95885,,18402.19855,2.36863,,14457.32266,2.42546,,7836.80475,2.52526,,4955.73613,1.61458,,4955.76427,1.61457
4429.44121,1.8324,,8015.36137,2.30294,,9012.67245,2.28006,,8923.44177,2.28372,,5114.92419,2.07911,,9326.61876,2.27935,,9321.19847,2.27915,,5801.96805,2.36118,,4048.35896,1.47501,,4048.35408,1.47501
3389.61727,2.18753,,4472.393,2.35388,,4512.45922,2.3515,,4498.69612,2.35211,,5420.14465,2.09843,,8842.71825,2.26159,,8149.19307,2.23436,,3856.33629,2.38299,,2935.97827,1.38918,,2935.98125,1.38918
5400.53218,3.99686,,9696.84229,2.31333,,8695.83246,2.33888,,8403.60077,2.3181,,12052.91966,2.36483,,9756.40372,2.29436,,9740.67171,2.29383,,9256.49309,2.30665,,11893.02418,2.36037,,39747.1596,3.90758
94884.66958,3.11896,,14347.38726,2.4331,,13103.21961,2.40742,,13098.95206,2.4073,,23837.76841,2.57824,,13465.32138,2.40176,,18685.06017,2.2987,,18685.06,2.2987,,30897.30409,2.67861,,73410.56654,3.30346
30452.54601,3.02325,,10741.45454,2.35346,,8030.07164,2.42404,,7440.92836,2.44218,,100969.5878,3.07333,,12056.85897,2.36493,,15453.19078,2.27469,,15453.19062,2.27469,,11456.6201,1.93826,,11456.49463,1.93826
3556.28943,2.8921,,3156.70846,2.9872,,11191.1806,2.59215,,10242.60993,2.57094,,5012.22508,2.07235,,17540.51815,2.48989,,17068.89023,2.48081,,3783.06436,2.94033,,4460.65394,2.03349,,3696.42359,2.6608
8531.16086,1.5866,,75262.81985,2.08245,,45372.78629,2.07057,,41374.01192,2.05134,,3958.35246,1.51944,,41374.20944,2.05134,,13185.98578,2.39477,,9183.90227,2.48109,,6832.80891,2.02999,,6832.81259,2.02999
47364.84529,2.88848,,12113.48724,2.36517,,11472.01698,2.3856,,10995.67801,2.40534,,50281.35664,2.84093,,12534.62381,2.37789,,20554.06423,2.17293,,20554.06402,2.17293,,51232.42596,2.84718,,51136.37046,2.86783
9446.00956,2.55027,,5732.66544,2.36693,,6233.53167,2.34655,,6238.97161,2.34243,,17148.84847,2.48237,,9060.59224,2.2697,,8550.54581,2.25039,,8480.11758,2.25297,,8957.97063,2.2659,,11345.61819,2.64845
18487.30246,3.52884,,3762.58759,2.46728,,3469.77331,2.45395,,3377.4317,2.45999,,35788.64532,2.7276,,8672.48143,2.25511,,7691.38106,2.21509,,5784.84596,2.30175,,6039.72711,2.13451,,10222.48823,3.27907
8899.69192,2.26347,,10222.02369,2.30645,,10853.74247,2.30748,,10596.05613,2.29619,,8737.96799,2.23804,,10596.00706,2.29618,,10228.37318,2.31011,,9552.36822,2.32725,,9385.30172,2.28144,,10083.45558,2.40041
26935.07899,2.89303,,15686.22535,2.53195,,14024.32068,2.56188,,12928.59293,2.58634,,92257.667,3.04325,,19154.80475,2.51924,,18252.08367,2.49737,,18252.08401,2.49737,,18762.58512,2.51234,,20860.55678,2.61971
16122.2477,3.41792,,5416.24157,2.91848,,4794.68818,3.03289,,4586.02575,3.01037,,187353.6923,3.27939,,18027.52037,2.49902,,15530.18248,2.44932,,5813.9017,2.73302,,4819.51644,2.05928,,5767.4311,2.72564
38267.43755,2.99089,,11775.75861,2.35952,,8894.97422,2.44467,,8501.8295,2.4636,,45165.4009,2.80517,,12348.06514,2.37289,,19464.00817,2.11808,,19464.00788,2.11808,,38972.00952,2.756,,38955.22134,2.75899
20359.9462,3.5168,,4350.59015,2.44122,,4310.66747,2.40664,,4277.23209,2.40127,,29056.82881,2.65814,,8513.17784,2.24893,,7678.08718,2.21451,,5892.21635,2.30267,,6798.18659,2.17394,,15971.17356,3.72437
3834.14074,2.78058,,1937.38246,2.43483,,1856.6304,2.38923,,1839.22895,2.38947,,3575.74776,1.95978,,5873.68543,2.12522,,5029.01118,2.07346,,1768.34537,2.41061,,2123.80561,1.78613,,2049.46566,2.58683
7507.50276,2.39492,,6261.31737,2.33018,,7060.25272,2.31645,,6980.46888,2.30327,,9811.69075,2.29625,,8936.53353,2.26511,,8735.93377,2.25754,,7819.2041,2.28424,,7915.13822,2.22465,,9868.37523,2.63022
20203.41553,3.99787,,3761.6518,2.62177,,2607.35606,2.73962,,2278.69461,2.76937,,125491.1493,3.1458,,13085.57008,2.39223,,11471.20098,2.34834,,5474.5482,2.51093,,5474.62703,2.10176,,12969.26488,4
12408.31623,2.11892,,49186.7383,2.50762,,36347.79712,2.43543,,33654.50668,2.41889,,6697.43404,1.99358,,33654.45712,2.41889,,21332.49297,2.55513,,7351.06998,2.9075,,7427.84919,2.20347,,7241.88705,2.88284
43948.51146,2.87907,,10352.21965,2.35163,,9428.02843,2.31891,,9340.68616,2.31652,,14833.60483,2.43402,,10016.83207,2.30315,,11334.67174,2.25232,,11334.67182,2.25232,,15781.53341,2.45467,,31776.90713,3.18827
71622.311,3.55108,,8310.13069,2.77848,,7043.42051,2.77307,,7043.28498,2.77306,,71689.51164,2.95917,,13712.93116,2.40784,,20058.38327,2.16678,,20058.38332,2.16678,,35712.43138,2.62487,,35712.70185,2.62487
12482.4267,3.99784,,4692.48171,2.44521,,5489.53617,2.40121,,5430.71657,2.39181,,9202.14378,2.27487,,9797.49007,2.29577,,9287.02417,2.27793,,5917.96012,2.3797,,5502.37491,2.10345,,6234.96624,2.48633
15036.87525,3.26294,,8410.13628,2.59019,,6290.17103,2.64288,,5707.66452,2.66987,,224955.3389,3.34036,,16765.51539,2.47483,,15316.03585,2.44469,,9445.37046,2.54594,,7918.01981,2.22477,,9210.13813,2.51014
7286.96308,2.11856,,24015.37591,2.46612,,28249.10962,2.45903,,27000.84103,2.43852,,7125.84732,2.05462,,27000.73092,2.43851,,19271.88818,2.52127,,12914.26811,2.60459,,7968.96533,2.03829,,7968.94533,2.03829
291632.0022,3.38312,,27199.07359,2.49374,,20177.6962,2.57612,,19039.34729,2.59242,,242517.1294,3.28718,,21986.48743,2.5652,,44212.37554,2.36654,,44212.37629,2.36654,,107965.6195,2.87218,,107961.7619,2.87218
66652.61529,3.34227,,8101.27543,2.59835,,5239.62666,2.82007,,4347.51966,3.01931,,99021.7503,3.06684,,14887.79248,2.43524,,25947.23901,2.14952,,25947.23858,2.14952,,66271.79256,2.83302,,66269.72887,2.83309
81164.19427,3.44645,,10160.05023,2.73292,,8062.5623,2.77792,,8062.30933,2.77787,,96559.81513,3.05844,,16727.24675,2.47407,,29018.8098,2.17579,,29018.81029,2.17579,,71012.57095,2.88598,,71012.6572,2.88599
8876.12717,2.98812,,5026.55172,2.63591,,5095.07272,2.58025,,5026.22705,2.58017,,104263.7833,3.08403,,13408.2128,2.40035,,12290.04214,2.37132,,4985.87946,2.58654,,4809.29764,2.05857,,6141.794,2.79763
6764.00207,2.20933,,2952.74788,3.82837,,24975.67377,2.56101,,22906.24726,2.5344,,6755.6558,2.16329,,22906.24129,2.5344,,21921.50989,2.56421,,10312.59704,2.75787,,7210.46677,2.19357,,7178.03582,2.22299
16309.89569,3.16492,,15821.33565,3.4335,,15610.68342,3.42747,,15599.06997,3.4976,,1.63E+06,4,,44788.88965,2.80238,,39976.21029,2.76448,,14829.37625,3.67631,,19002.62116,2.51658,,14830.52881,3.67568
131401.759,3.84431,,13397.57418,3.21159,,13755.62417,3.3374,,10990.77723,3.25098,,155560.4236,3.2174,,22576.27989,2.57402,,24852.15619,2.41272,,24852.15588,2.41272,,50653.35379,2.84339,,108204.5315,3.42534
23424.52565,3.1721,,12153.56122,2.61457,,7982.88714,2.76098,,6925.05838,2.83039,,277923.6946,3.41084,,20493.33597,2.54176,,18448.65013,2.50672,,13233.30862,2.59142,,11498.28462,2.34912,,18508.1934,2.94821
15490.38986,2.69316,,10519.14567,2.57974,,11081.80474,2.57715,,10813.07993,2.55854,,29741.36062,2.6659,,16880.38412,2.47711,,16001.50118,2.45928,,11182.7763,2.55376,,10387.45131,2.31526,,28923.88268,3.55393
14166.3068,2.85865,,9964.42794,2.72549,,11274.56895,2.69699,,11344.43042,2.68356,,175670.8986,3.25793,,21544.60397,2.55843,,20132.1502,2.53583,,12563.34232,2.65851,,10061.86772,2.30464,,13930.77667,2.77854
28880.37397,3.30398,,13219.08948,2.79866,,13669.06091,2.78211,,12223.53601,2.83845,,517899.2879,3.61832,,27323.94552,2.63764,,24820.94897,2.60562,,17195.15022,2.70723,,13168.15312,2.39432,,15810.73771,2.62188
10478.81701,3.88444,,10796.51669,3.86569,,5042.98845,3.31553,,5157.87943,3.30704,,879478.1752,3.79483,,32003.96743,2.69034,,26305.02563,2.62498,,2938.77734,4,,7846.23222,2.22173,,2938.78448,4
103245.2907,3.32268,,15143.86047,2.56047,,10766.56575,2.72513,,9770.46267,2.78141,,137448.2319,3.17614,,19923.07102,2.53235,,27581.28471,2.32151,,27581.28498,2.32151,,75074.24219,2.97455,,104927.1206,3.17644
175476.2131,3.88766,,6185.43799,2.64255,,4059.2179,2.77548,,3485.24,2.84763,,148508.4365,3.20194,,16001.34676,2.45928,,13923.99316,2.41293,,6645.70343,2.60078,,7168.02997,2.1916,,18256.12735,4
52957.95128,3.55998,,6357.51515,2.60749,,5180.68192,2.66682,,4372.8488,2.73081,,155217.6024,3.21667,,13522.5127,2.40318,,13026.66649,2.39072,,6798.82825,2.5844,,8948.52094,2.26555,,20407.42802,4
19120.04391,3.94488,,5423.21793,2.66966,,3216.02868,2.75385,,3263.35954,2.73056,,116115.7501,3.11992,,14224.81495,2.42005,,12471.26462,2.3762,,4079.88316,2.65944,,4630.76174,2.04596,,6933.97798,4
11925.59734,3.41752,,6609.84977,2.50646,,4387.76257,2.62145,,3871.8711,2.65915,,112528.5049,3.10946,,13590.26222,2.40484,,11980.74362,2.36282,,7098.00081,2.48745,,7118.63421,2.1893,,21864.14424,4
16508.05577,2.94063,,8938.99908,2.57579,,8150.23563,2.59105,,8027.34734,2.59728,,199461.0628,3.30026,,16687.82567,2.47328,,15585.03463,2.45049,,10238.60223,2.54016,,9700.6137,2.29245,,38546.45562,3.92257
44509.11331,2.89377,,9592.99951,2.41395,,7773.48989,2.47455,,7558.22704,2.48423,,43256.99755,2.79078,,12172.09564,2.36811,,12020.66728,2.29039,,12020.66701,2.29039,,17367.54982,2.48659,,31997.24731,3.31197
27944.89802,3.2627,,7450.49337,2.38509,,6099.92318,2.29472,,5990.92531,2.29161,,7967.74082,2.22686,,8016.91269,2.22891,,7755.94951,2.21788,,6058.89093,2.30408,,6175.36984,2.14191,,7819.848,2.67486
18725.46986,3.03739,,5747.28467,2.46763,,5378.68559,2.44704,,5295.33128,2.44992,,41027.30168,2.77314,,9994.83022,2.30241,,9712.42509,2.2434,,9712.42499,2.2434,,8160.29973,1.97371,,8160.32743,1.97371
24024.84499,3.00641,,9747.08276,2.43935,,7498.88791,2.48452,,7104.89022,2.49999,,85640.96126,3.01844,,12839.11161,2.38589,,13461.07027,2.32528,,13461.07037,2.32528,,14971.03452,2.4371,,15620.89075,2.4876
45049.36637,3.04339,,16906.34053,2.47349,,12915.01126,2.56292,,12240.96005,2.58168,,133508.5947,3.16645,,18013.78928,2.49877,,20618.46139,2.41266,,20618.46183,2.41266,,28826.69471,2.65549,,63952.80968,3.25417
243102.9462,2.80553,,52051.80258,2.42135,,40840.46151,2.50229,,39385.25685,2.51501,,251192.052,2.95376,,39385.38057,2.51501,,75174.38261,2.25744,,75174.38186,2.25744,,56579.38693,2.11274,,42683.19276,1.93223
40318.39261,3.48512,,8457.0532,2.9369,,7335.21769,3.04287,,6955.53995,3.00214,,51486.82825,2.84883,,14593.52043,2.42858,,16655.80091,2.19793,,16655.80072,2.19793,,34168.2034,2.71216,,33327.62025,2.86286
26178.24552,2.66701,,8575.34504,2.35724,,8441.60117,2.35747,,8108.79581,2.33843,,15909.90354,2.45737,,9964.77967,2.30141,,9626.65395,2.2899,,9122.90447,2.30676,,11350.3397,2.34481,,29754.18998,3.65347
34804.30581,3.11535,,6234.38874,2.47658,,5125.98658,2.49761,,4960.3913,2.50815,,45173.98673,2.80523,,10775.38228,2.32748,,9547.44492,2.28715,,8672.66382,2.31881,,10080.53016,2.30526,,27087.44038,3.69518
45859.65455,3.28959,,8744.08016,2.41482,,7504.99787,2.36977,,7504.83589,2.36976,,18611.07415,2.50964,,10035.74168,2.30377,,9839.82811,2.28025,,9839.82824,2.28025,,10085.56233,2.30543,,10443.73841,2.36207
118392.1154,3.48866,,15160.826,2.43216,,10547.64523,2.53899,,9686.69335,2.56367,,135256.0557,3.17078,,15992.87333,2.4591,,26751.78344,2.26694,,26751.78328,2.26694,,19158.64969,1.97883,,19158.6958,1.97883
9392.25797,2.5936,,5989.81743,2.25617,,5020.21857,2.29634,,4738.81082,2.31745,,16491.06307,2.46933,,7855.61354,2.22213,,7129.67688,2.18981,,5995.88737,2.24388,,6418.55438,2.15479,,10788.03067,3.20554
3548.9301,3.50562,,3286.95145,2.34222,,2822.00273,2.32847,,2700.07012,2.30975,,3643.02899,1.966,,6397.59418,2.1537,,5755.20073,2.11842,,2206.17476,2.36486,,2521.96672,1.8434,,2219.64025,3.27966
2105.99602,3.9995,,1970.09399,2.33308,,1740.52103,2.35016,,1755.77384,2.3452,,3452.76891,1.94812,,5581.25199,2.10819,,5274.08733,2.08933,,2132.66123,2.30657,,2404.53766,1.82751,,2092.14831,2.81876
1557.71482,2.85391,,1073.4964,2.38384,,2305.37636,2.24121,,2201.10599,2.2251,,2145.00879,1.78944,,4982.80641,2.07039,,4514.80063,2.03751,,1521.18898,2.3165,,1814.1878,1.7336,,1441.58978,2.59994
1869.89358,3.27847,,2524.98327,2.28787,,3374.7466,2.24265,,3214.12509,2.22053,,2578.98942,1.85086,,5770.52646,2.11931,,5444.21136,2.09991,,2485.65708,2.28955,,2354.34116,1.64669,,2354.34596,1.64669
668.44163,3.98598,,2672.24125,2.17638,,2896.70044,2.15246,,2935.67167,2.1496,,1929.1671,1.75409,,4462.04798,2.03359,,4419.90113,2.03043,,1873.74702,2.26455,,1915.45265,1.75171,,1896.01322,2.28533
49050.17874,3.54111,,8278.18105,2.93254,,7365.52266,3.09588,,6678.71788,3.00523,,61190.4207,2.90639,,14782.88895,2.43288,,18801.89233,2.18633,,18801.89241,2.18633,,40930.10551,2.77235,,40435.104,2.85995
32028.38569,3.53106,,4255.94842,2.68046,,3516.82929,2.70119,,3516.68668,2.70117,,47398.73647,2.82126,,10405.24556,2.31583,,8872.02716,2.26269,,6939.27541,2.3434,,7332.55559,2.19916,,11007.66673,2.87642
7069.8066,3.29609,,2973.24183,2.47764,,3911.81651,2.37344,,3777.97651,2.36224,,7084.55486,2.1877,,7844.95331,2.22168,,7258.49152,2.19578,,3830.11637,2.36881,,4197.67623,2.01323,,5910.54057,3.50628
4186.27046,3.99617,,3267.53273,2.32589,,3602.32747,2.29732,,3377.88655,2.27352,,4041.08977,2.00056,,6529.51882,2.1605,,6092.9905,2.13744,,2733.81046,2.33325,,3104.58554,1.91268,,3150.29518,3.75092
2759.20736,2.21827,,3197.27369,2.28439,,3561.48147,2.28166,,3477.32403,2.26413,,3879.32117,1.98694,,6534.51133,2.16076,,6042.38346,2.13466,,3000.17881,2.30345,,2918.0225,1.89203,,2912.17373,2.10829
2251.60488,2.12693,,3244.83015,2.29148,,3491.31309,2.29246,,3391.29153,2.279,,3078.59197,1.90988,,6741.11245,2.17113,,6250.87265,2.14596,,2559.87099,2.34434,,2429.99008,1.74478,,2429.9883,1.74478
12713.07858,3.34295,,18271.71877,2.42207,,14367.60202,2.33567,,13110.99347,2.31206,,4752.66807,2.00976,,13111.03313,2.31206,,12247.92391,2.37018,,6345.68264,2.58319,,6386.67802,2.15313,,16406.53726,4
39416.95291,2.73341,,21599.57509,2.54934,,19850.08229,2.5255,,19724.5399,2.52361,,19552.75545,2.52116,,19724.58679,2.52361,,20858.82511,2.50881,,20858.82511,2.50881,,23266.96374,2.58407,,29661.2595,2.79925
23087.91795,3.68679,,5711.05916,2.65613,,5387.37108,2.63002,,5224.89481,2.61681,,83160.52738,3.00865,,13772.59392,2.40928,,12341.74021,2.37272,,5278.56932,2.62046,,5418.97499,2.09836,,11376.09745,3.80739
11314.30722,2.91468,,6362.5218,2.67748,,6701.21425,2.66809,,6719.8297,2.64502,,145378.1183,3.19484,,16283.32993,2.4651,,14988.30381,2.43748,,7399.22111,2.62099,,6718.43326,2.17001,,17903.88247,3.8417
3559.94894,2.5646,,490.64877,3.99489,,4852.16752,2.62024,,5173.7542,2.60408,,108574.5118,3.09754,,13020.70845,2.39057,,12782.44763,2.38441,,2912.18514,2.81304,,3323.91523,1.93544,,4806.70748,3.71645
9018.12848,2.1508,,20675.3661,2.36699,,18096.47932,2.35431,,16701.57249,2.32909,,5990.98885,2.03304,,16701.53176,2.32909,,13206.73236,2.3953,,7910.05559,2.49829,,7717.54003,2.21622,,27518.43364,4
35859.99605,3.54653,,4070.65863,2.67094,,2595.72355,2.8572,,2312.83868,2.93121,,48265.55133,2.8273,,11421.07618,2.34688,,9391.64647,2.28166,,4847.82288,2.51351,,5949.09253,2.12947,,11209.08016,4
47434.90899,3.69681,,5640.73372,2.8267,,4675.80654,2.98095,,4331.60851,2.94827,,74121.51873,2.97029,,14197.31052,2.41941,,11986.36865,2.36298,,9846.2589,2.4296,,12451.04721,2.37566,,41019.12457,3.79552
15944.86377,3.28684,,3253.21168,2.6221,,3465.56614,2.52668,,3292.39621,2.52573,,41159.14689,2.77421,,9818.86323,2.29649,,8666.81779,2.25489,,2838.69062,2.5902,,3727.14744,1.9736,,4854.6373,3.08126
9991.52687,2.57382,,11339.64354,2.44193,,7175.68727,2.49598,,6745.78084,2.47194,,10409.11251,2.31595,,12412.49346,2.37462,,11645.80719,2.35337,,5356.23175,2.53685,,5416.15867,2.09819,,11947.09939,4
7300.1777,2.69725,,5819.52988,2.60556,,5796.71944,2.60634,,5481.22675,2.5715,,14841.61813,2.4342,,13861.14307,2.41142,,13260.00131,2.39664,,4246.287,2.63864,,4489.04421,2.0356,,7462.95009,4
12371.67285,2.09659,,35529.20755,2.35144,,17550.86671,2.36372,,16199.02359,2.3437,,3942.1136,1.93939,,16198.9594,2.3437,,13276.72605,2.39706,,3097.90596,2.7174,,3808.91022,1.98084,,4967.70535,3.14849
27321.10879,2.93128,,9974.46683,2.37174,,7333.44539,2.43686,,7045.07743,2.45579,,46507.30774,2.81493,,11484.32327,2.34872,,10857.2496,2.30627,,10857.24956,2.30627,,13513.11037,2.40294,,34594.96432,3.4779
8792.6156,3.95632,,2389.11222,2.69811,,5616.1123,2.47127,,5325.51728,2.451,,5859.19071,2.12439,,10634.18885,2.32308,,9831.72928,2.29693,,3991.68876,2.54693,,3818.23034,1.98165,,4244.63698,2.74984
2481.96839,2.5767,,2485.94057,2.57974,,2995.67885,2.51146,,2911.12157,2.50931,,3639.43579,1.96567,,9838.04968,2.29714,,8762.56814,2.25855,,2330.34941,2.57688,,2330.53526,1.81709,,2157.85489,2.45742
2156.39516,2.74592,,2542.3086,2.5732,,2523.01435,2.57568,,2212.36673,2.60728,,3884.76464,1.98741,,11588.95382,2.35174,,10186.83795,2.30876,,2519.8043,2.577,,2407.63297,1.82794,,2398.24264,1.87843
2470.10498,2.20739,,3997.00568,2.44037,,4646.70847,2.43769,,4536.50036,2.41292,,3244.57315,1.92738,,9543.68372,2.28702,,9334.55625,2.27963,,2774.99662,2.51763,,2549.09451,1.84697,,2561.27944,1.93373
1918.71213,1.53253,,5154.37658,1.89372,,4352.593,1.914,,3936.43976,1.87684,,1568.90651,1.56597,,3936.45076,1.87684,,3761.40671,1.97665,,2329.7356,2.13437,,1901.02197,0.98166,,1884.43962,0.87081
40801.70106,2.96913,,12545.37996,2.61336,,10741.38655,2.66903,,10492.93478,2.68309,,86829.45217,3.02304,,18563.36661,2.50879,,16474.69228,2.469,,14295.10617,2.52792,,15705.32365,2.45306,,66656.33391,3.83156
30535.88618,3.1498,,10917.36948,2.69689,,10635.99097,2.64896,,10636.0171,2.64896,,81407.9739,3.00155,,17903.97154,2.49673,,16121.06108,2.46177,,12587.23231,2.56465,,13114.54514,2.39296,,32943.44774,3.30233
4619.23814,3.73117,,1840.76428,2.86227,,7089.94341,2.46384,,6498.36683,2.43872,,3907.96563,1.9894,,11259.65661,2.34213,,10801.33744,2.32828,,3408.32598,2.65516,,3311.41827,1.93418,,3498.56098,2.77049
5238.03197,2.27609,,9600.17157,2.49123,,10734.44413,2.49338,,10197.00207,2.47168,,7053.71691,2.18624,,14141.34231,2.41809,,13652.105,2.40635,,6886.75241,2.59645,,4865.72034,1.88692,,4865.73037,1.88691
22374.5465,3.25067,,3977.9737,2.52644,,2845.62265,2.64911,,2559.73739,2.66571,,35957.80993,2.72917,,9485.72903,2.28499,,7962.18526,2.22662,,7953.14808,2.22704,,10706.67869,2.32535,,18298.20114,3.36773
20362.19343,3.99357,,5718.78792,2.38815,,5161.60782,2.39043,,5136.95939,2.38158,,37095.8305,2.73956,,9088.76375,2.27074,,8400.55474,2.24449,,7857.8972,2.26408,,10011.54839,2.30297,,23888.35175,3.68323
37608.65302,2.95867,,5772.06568,2.35244,,5289.82875,2.36586,,5257.2269,2.35541,,40248.47559,2.76675,,8932.33257,2.26495,,8285.4993,2.23989,,7407.5276,2.26924,,9511.39889,2.28589,,25133.3955,3.8726
23364.41129,3.42933,,3409.53317,2.44625,,2928.14703,2.43567,,2928.12353,2.43567,,34866.48451,2.7189,,8098.13015,2.23227,,7195.93578,2.1929,,5560.58373,2.26432,,7143.59961,2.19046,,16287.63645,3.51849
6581.23368,1.98277,,9331.13479,2.09592,,7318.32134,2.09337,,6725.18484,2.065,,3368.68416,1.85669,,6725.16001,2.065,,5796.82744,2.12083,,2660.28875,2.30297,,3404.95053,1.94347,,3985.00689,3.56491
3409.51213,1.76557,,5541.49327,1.90717,,5766.9433,1.87879,,5942.4854,1.87084,,3157.15225,1.69052,,5942.48748,1.87084,,4240.70663,2.01663,,3225.28312,2.09778,,3885.59282,1.98748,,4768.43046,3.01278
53411.01301,3.5223,,9832.57051,2.86119,,8352.26342,2.87829,,8352.30205,2.87828,,70700.98168,2.95454,,17599.93453,2.49102,,15307.68859,2.41747,,15307.68885,2.41747,,23065.50817,2.58117,,47402.88025,3.42857
71602.0153,3.44671,,9917.78634,2.66133,,9761.23104,2.54917,,9469.3742,2.54385,,57313.82175,2.88457,,14945.51056,2.43653,,13925.6194,2.41297,,9648.89064,2.54859,,12458.02209,2.37584,,53039.23392,3.81596
100121.1353,3.58102,,8467.52957,2.62612,,7477.12648,2.60443,,7333.4219,2.59467,,89459.19448,3.03298,,14967.82163,2.43702,,13627.20684,2.40575,,10939.26784,2.47003,,15754.74036,2.4541,,58876.13251,4
119627.4129,3.31833,,10315.03209,2.52061,,6811.24784,2.58746,,6175.61342,2.61549,,146353.0574,3.19706,,15317.7396,2.44473,,13906.52245,2.41251,,13008.5783,2.4278,,17971.27862,2.49798,,83280.38345,4
10308.21401,2.68415,,7683.91608,2.35429,,6774.66089,2.38341,,6130.47687,2.40502,,26334.11638,2.62535,,10038.36485,2.30386,,9844.89135,2.29737,,8757.97657,2.32389,,8487.24464,2.24791,,8765.00173,2.32464
1345.58227,2.32095,,1209.21033,2.21067,,827.80611,2.27814,,729.39593,2.29419,,1719.67487,1.71577,,3409.50302,1.94391,,3287.84083,1.9318,,1414.41008,2.17931,,1450.0015,1.65891,,1438.16068,1.97842
45216.07749,3.54756,,5893.77773,2.69408,,4650.89061,2.75894,,4650.74362,2.75894,,64226.13945,2.92253,,13391.59667,2.39993,,11427.10159,2.34705,,9023.50233,2.42784,,10877.41196,2.33062,,37451.1963,3.72678
73325.8889,3.98362,,6598.11353,2.59065,,5381.22087,2.61477,,5047.17287,2.63167,,99467.79741,3.06833,,13824.49093,2.41054,,12375.74679,2.37364,,11082.87839,2.40241,,13233.44996,2.39597,,63404.39663,4
4002.48471,3.87369,,2348.27347,3.55629,,9033.36645,2.70674,,8210.38097,2.67193,,5857.10405,2.12428,,19706.35291,2.5287,,18466.79257,2.50705,,3614.86649,3.05615,,4754.73205,2.05477,,3678.74844,2.87215
61186.15839,3.08775,,10960.50084,2.53757,,7941.95483,2.68805,,7242.30699,2.72667,,83890.23512,3.01156,,15746.11026,2.45392,,26244.16201,2.15028,,26244.16213,2.15028,,61277.40527,2.72628,,61278.01925,2.72626
47337.03302,2.96355,,9300.59855,2.44276,,8350.8604,2.45444,,8350.73382,2.45443,,53793.51558,2.86344,,12019.46688,2.3639,,17508.67013,2.17592,,17508.67016,2.17592,,37072.15214,2.73935,,45726.68179,2.96516
22721.32317,3.03209,,8527.98199,2.35044,,6154.05244,2.43043,,5731.5385,2.44646,,76322.61504,2.98005,,11080.41224,2.33678,,11091.98968,2.28802,,11091.98946,2.28802,,13356.99457,2.39907,,49158.58357,3.67711
17586.03236,2.68536,,25077.15538,2.79833,,27272.26092,2.77367,,27233.46975,2.76279,,28172.07433,2.64783,,34031.18038,2.71082,,33090.85705,2.70148,,23433.89163,2.84006,,18212.29572,2.50242,,18074.3665,2.56195
18890.79687,2.00198,,73562.81462,2.34416,,55047.31989,2.36273,,52508.82247,2.34813,,13209.32435,2.02125,,52508.78118,2.34813,,32380.49619,2.50529,,32380.49609,2.50529,,21061.24122,2.16565,,21061.06119,2.16564
26241.63442,3.44796,,2822.06432,2.48253,,1892.73774,2.5228,,1892.77609,2.5228,,31947.31709,2.68975,,7808.59557,2.22013,,6682.53698,2.16822,,3140.04676,2.37848,,4237.7234,2.0164,,6024.8037,3.33843
5027.70406,3.99748,,3227.76278,2.36371,,1662.07233,2.42832,,1674.29842,2.41733,,5425.51938,2.09876,,6948.58461,2.18124,,6044.67222,2.13478,,2036.02397,2.37896,,2626.54209,1.85695,,2277.6031,3.82327
2398.247,3.64142,,1740.9651,2.35039,,1746.80059,2.35398,,1684.54359,2.3387,,2951.33508,1.89581,,6401.87111,2.15392,,5756.64036,2.11851,,1570.20947,2.35313,,2043.20086,1.77323,,1303.21911,3.51475
2374.87843,2.99983,,1468.54389,2.3288,,1111.60409,2.35586,,1106.07431,2.35088,,2505.37867,1.8412,,5903.46197,2.1269,,5204.15429,2.08488,,1243.50061,2.33474,,1696.36538,1.71122,,1126.92933,3.035
2331.02126,2.32625,,2252.54304,2.27612,,2387.05707,2.26519,,2284.45781,2.27275,,3269.12391,1.9299,,5466.03216,2.10124,,5353.42252,2.0943,,1954.27002,2.30082,,2224.77157,1.80161,,2291.35341,2.75878
21042.37809,3.13837,,4463.31702,2.53344,,3030.32007,2.6685,,2678.36256,2.69595,,56166.00326,2.87783,,10750.31399,2.3267,,9372.42306,2.26929,,9372.42285,2.26929,,11869.23718,2.35971,,30112.71667,3.5575
49998.94116,3.35807,,9454.14601,2.39296,,6217.66647,2.47309,,5711.90966,2.49447,,89279.09707,3.03231,,12043.63547,2.36457,,12257.63437,2.31036,,12257.63432,2.31036,,16178.17152,2.46294,,65729.70534,3.80587
37344.86805,3.53655,,3463.53284,2.56091,,2518.55533,2.62936,,2308.77214,2.63792,,49855.41065,2.8381,,9960.95318,2.30128,,8545.30612,2.25018,,5140.75131,2.39171,,6493.40467,2.15865,,17037.46368,3.84678
5300.71104,3.94061,,2042.02306,2.49667,,1283.10952,2.57431,,1092.84266,2.59621,,114857.4938,3.11629,,9418.98362,2.28263,,8631.22818,2.25352,,2505.71076,2.45377,,2952.24329,1.89591,,2735.89948,4
6766.17427,2.65972,,5228.89209,2.50043,,3312.2086,2.58258,,2856.39689,2.60584,,248283.6506,3.37325,,12701.64184,2.3823,,12085.22532,2.36572,,6594.25678,2.46,,5622.17961,2.11063,,5811.40177,2.21467
12706.28528,3.16037,,5609.04368,2.28611,,5175.83163,2.24068,,5160.32033,2.23858,,8207.27474,2.23673,,6813.99939,2.17472,,6475.88732,2.15775,,5829.53023,2.20197,,5874.76609,2.12528,,6586.7066,2.41261
4845.79467,1.78144,,9359.48845,1.98948,,7508.7026,1.98298,,6628.12908,1.94382,,2857.31156,1.69693,,6628.18943,1.94382,,5506.44403,2.1037,,3953.05294,2.21992,,3880.20813,1.98702,,4100.46954,2.32556
5770.79099,2.8105,,4454.55927,2.16649,,3776.74245,2.03378,,3636.44698,2.02209,,2410.76152,1.82837,,4006.51125,1.9977,,4092.81215,2.0048,,2610.05097,2.19182,,2662.75529,1.86151,,2656.25438,2.29422
5275.9793,1.96158,,7719.19716,2.08878,,4833.78438,1.95138,,4626.60345,1.9411,,2285.9043,1.72413,,4626.59736,1.9411,,4439.73284,2.03192,,3229.39408,2.19604,,2850.32402,1.8842,,3134.26982,2.15922
10161.45324,1.80983,,22662.27388,2.02765,,14022.09116,2.02864,,12644.85057,1.99954,,5323.75706,1.77314,,12644.87338,1.99954,,8289.64633,2.20977,,8289.64644,2.20977,,9379.5488,2.28123,,14882.30963,2.94506
40659.13631,3.13226,,7352.81735,2.46677,,6825.15845,2.45852,,6680.17825,2.44406,,39420.40966,2.75982,,10942.1429,2.3326,,10053.05011,2.30435,,9624.85011,2.31971,,13745.57417,2.40863,,27620.42141,3.55982
54225.38893,3.38628,,6976.73271,2.68205,,5199.23115,2.8711,,4666.02166,2.93852,,73739.24693,2.96857,,14998.86047,2.43771,,14491.37919,2.32998,,14491.37965,2.32998,,27394.89103,2.63851,,45537.97667,3.43557
71162.61998,3.48016,,5825.8722,2.46236,,5280.036,2.368,,4740.78416,2.34478,,4855.18078,2.06174,,8606.72496,2.25257,,8196.47562,2.23629,,1860.85253,2.5857,,3595.54746,1.96162,,4222.35518,3.81139
53466.51343,3.51275,,5321.14278,2.59508,,3663.90773,2.63369,,3487.40103,2.6468,,56956.63798,2.88249,,11678.4761,2.35431,,10087.22852,2.30548,,6187.79371,2.45211,,8335.76289,2.24191,,22862.14234,4
36225.07222,3.99984,,5325.89048,2.55502,,5093.36145,2.53151,,4905.38695,2.51126,,51416.27624,2.84837,,11173.87883,2.33958,,10051.55703,2.3043,,6364.27374,2.43807,,8360.01858,2.24288,,21138.40016,4
49473.50025,3.99805,,7820.33818,2.48017,,4605.78807,2.56128,,4157.94612,2.59576,,68188.42529,2.94248,,12119.97713,2.36668,,10631.05636,2.32298,,8039.06019,2.39966,,11314.01221,2.34374,,34977.87219,4
55998.31615,3.52501,,11798.24382,2.86287,,10700.89458,2.66044,,10512.23776,2.65942,,62636.3319,2.91417,,17533.20079,2.48976,,15827.94473,2.45565,,12284.52819,2.58436,,12563.80005,2.37866,,34587.02531,3.40676
18965.23482,3.17439,,9499.3128,2.76476,,12626.87996,2.45507,,11947.56446,2.44366,,6319.58359,2.14961,,13988.334,2.41446,,14128.54153,2.41779,,6565.36901,2.69254,,6003.34949,2.1325,,9274.62903,3.05231
6535.14726,3.22638,,5998.88929,3.19248,,5939.41452,3.33488,,5724.24645,3.34776,,319847.2027,3.45767,,24933.46652,2.60713,,20709.8358,2.54526,,5648.85649,3.18724,,6343.08514,2.15085,,5499.73764,3.14164
96850.44252,3.522,,65658.17612,3.99972,,59719.43057,3.69711,,51698.07314,3.54944,,1.63E+06,3.99997,,95847.20436,3.05598,,78523.20526,2.98952,,47555.45598,4,,68745.92576,2.9452,,47555.45803,4
30093.89919,2.35351,,77014.5479,2.57477,,57639.51642,2.54132,,53980.84925,2.52409,,18100.00701,2.25367,,53980.67516,2.5241,,32820.11791,2.69874,,15074.56188,3.30931,,18299.55412,2.50402,,15008.8677,3.3006
44007.06413,2.58654,,50064.21286,2.61828,,50660.17704,2.61513,,50648.44026,2.61416,,43247.46942,2.57549,,50648.27944,2.61416,,52278.9493,2.60655,,52278.9512,2.60655,,23837.88394,2.04149,,23837.92369,2.04149
87780.34174,3.46435,,19632.77167,2.85872,,16376.66833,2.69554,,16376.99552,2.69554,,76489.48943,2.98077,,21340.16302,2.55525,,26518.4991,2.35232,,26518.49917,2.35232,,68864.30215,2.94577,,68535.87465,3.02839
51634.37298,3.15845,,12181.50874,2.68626,,9872.59925,2.74093,,9878.30798,2.72656,,125890.895,3.14686,,19757.11357,2.52956,,17680.86512,2.49255,,13796.27998,2.58151,,14837.45934,2.43411,,75786.28273,4
80949.85382,3.70396,,8023.50734,2.74148,,6373.34396,2.80233,,6246.95496,2.80574,,105079.6386,3.08663,,16622.89038,2.47198,,14494.10822,2.4263,,14172.80892,2.43354,,17849.29789,2.49571,,71281.08197,3.82454
75225.1311,3.84773,,5964.80116,2.77958,,4541.41545,2.86548,,4378.0329,2.87018,,126014.0127,3.14719,,16131.55195,2.46198,,14059.33913,2.41615,,8509.76271,2.55721,,9440.20223,2.28338,,37510.56021,3.91816
1.07E+06,3.99868,,32153.30751,3.16976,,31580.875,3.50818,,31355.87259,3.70919,,1.37E+06,3.94193,,43694.0625,2.79413,,113986.6243,2.34622,,189200.981,2.14283,,551818.9604,2.87194,,458238.2653,2.46415
343160.2815,3.29713,,26664.65207,2.57071,,23531.61442,2.54193,,23531.50786,2.54193,,262609.9893,3.14062,,23531.71033,2.54193,,61990.30098,2.25946,,61990.30126,2.25946,,78410.79789,2.38689,,78418.77095,2.38694
41828.31942,3.46523,,6277.69129,2.67365,,5005.10496,2.72365,,5005.07867,2.72365,,60220.62009,2.90106,,12923.38413,2.38807,,11882.0162,2.3126,,11882.01614,2.3126,,16244.01329,2.4643,,36927.27322,3.44665
20426.42332,3.58438,,3394.38905,2.58111,,2437.37834,2.70726,,2161.34507,2.71503,,45468.97534,2.8074,,9796.46986,2.29573,,8306.58224,2.24074,,6598.95583,2.31271,,7355.46861,2.2002,,19976.08299,3.82456
19316.8828,3.41279,,3120.22689,2.51773,,2427.16933,2.54971,,2427.13439,2.54971,,30395.77047,2.67316,,8167.31441,2.2351,,6948.64981,2.18124,,4463.20191,2.32297,,5690.52706,2.11466,,10254.27921,3.33216
51828.36266,3.28782,,5993.48266,2.4735,,3905.49313,2.57893,,3507.38697,2.59774,,74279.08271,2.971,,11390.74498,2.34599,,14293.09881,2.20649,,14293.0985,2.20649,,28465.84633,2.65129,,47241.04022,3.33899
221350.7283,3.46004,,11173.20997,2.61034,,7492.50629,2.71711,,6809.00871,2.74464,,223735.5057,3.33854,,18662.04941,2.51055,,20037.53449,2.43118,,20037.53471,2.43118,,36556.06565,2.73467,,179687.6774,4
37832.7361,3.14975,,7601.56991,2.37497,,5270.47468,2.47836,,4870.94866,2.5009,,47311.77819,2.82064,,10720.08606,2.32576,,11970.80785,2.20325,,11970.80768,2.20325,,21924.66886,2.56426,,31202.76737,3.26394
5680.98581,2.7257,,4548.73676,2.58157,,4377.36127,2.58595,,4298.33564,2.57246,,11899.5035,2.36056,,12044.75809,2.3646,,10728.99034,2.32604,,4274.46782,2.57923,,4132.2925,2.008,,5290.06902,3.18063
6647.2784,3.00191,,3299.13991,2.60062,,3018.63866,2.58263,,3018.51944,2.58264,,49810.38508,2.8378,,10023.43692,2.30337,,8727.97944,2.25723,,3447.35857,2.51734,,3800.589,1.98011,,4519.14457,2.79412
7114.20411,3.18953,,4314.75334,2.62101,,3429.70124,2.67804,,3214.46496,2.68547,,122152.8847,3.13681,,13407.40818,2.40033,,11886.99434,2.36021,,5182.05846,2.54881,,4724.43826,2.05264,,5958.01793,2.85881
13012.26538,3.32972,,4739.19567,2.82074,,3498.89465,3.04474,,3158.97827,3.12723,,322258.2801,3.46017,,18196.51774,2.50213,,16239.81567,2.46421,,8003.20783,2.61112,,6865.43851,2.17722,,10570.06489,3.0279
7209.27957,3.0426,,7365.22016,3.18608,,9094.32722,3.019,,9217.21858,2.99926,,1.46E+06,3.96321,,27794.01475,2.64333,,27018.88238,2.6339,,7615.71521,3.16797,,6763.63626,2.17224,,7627.94471,3.00259
55832.59497,3.58279,,9956.81077,3.04329,,9692.6312,3.29906,,8108.58768,3.16636,,71422.55739,2.95793,,17326.83005,2.48581,,21738.79874,2.22104,,21738.79916,2.22104,,47926.33143,2.82495,,47535.06636,2.89151
56402.27503,3.33653,,8037.20276,2.58047,,6808.75818,2.57917,,6659.46278,2.58309,,68212.71571,2.9426,,13524.05287,2.40321,,14954.58907,2.29657,,14954.58943,2.29657,,22952.44036,2.57953,,50672.51188,3.37919
13888.51511,3.95294,,4839.71768,2.57,,6075.73436,2.48645,,6058.03934,2.47867,,11975.33175,2.36267,,11657.38158,2.3537,,10891.54394,2.33105,,6958.78104,2.44864,,5966.11017,2.13042,,6065.43377,2.18096
2091.62625,3.99324,,1063.84936,3.68853,,8332.51896,2.58245,,7742.79619,2.54876,,6019.58872,2.1334,,15295.95799,2.44425,,14494.66803,2.42632,,4705.5271,2.69383,,4204.39529,2.01377,,4758.62013,2.72725
20151.26798,3.99462,,18382.96842,3.99853,,17552.05525,3.81276,,15393.32873,4,,1.63E+06,4,,56995.13614,2.88271,,44999.25347,2.80394,,15287.64513,4,,25542.81932,2.61518,,15287.6543,4
57104.36945,3.42468,,17469.02342,2.34766,,6694.40156,2.65368,,6758.32332,2.65202,,66985.11721,2.93655,,13331.35409,2.39843,,30778.08931,2.05625,,30778.08909,2.05625,,59220.07275,2.53128,,59220.06304,2.53128
68241.38348,3.47314,,14139.8833,2.41163,,11011.16059,2.35044,,11011.23973,2.35044,,30344.66554,2.65047,,11264.22011,2.34227,,19339.67971,2.1307,,19339.6796,2.1307,,43619.03217,2.79355,,43593.26566,2.79853
50725.62606,3.13626,,10735.50096,2.3671,,8363.64991,2.44476,,7957.40876,2.45827,,60610.22348,2.90321,,12066.71088,2.36521,,22194.08105,2.10016,,22194.08109,2.10016,,22379.02155,2.10724,,22379.96487,2.10726
6249.80626,3.97651,,6915.35094,2.39146,,6863.43271,2.39224,,6556.68481,2.37175,,11178.26921,2.33971,,10133.22958,2.307,,9778.00275,2.2951,,6898.55332,2.36928,,7254.21487,2.19558,,23313.33487,4
44119.44587,3.04538,,9681.10265,2.5874,,10993.63074,2.56921,,11061.40019,2.56184,,130937.0866,3.15996,,17714.80155,2.49319,,17014.45788,2.47974,,16988.34246,2.48003,,21302.22039,2.55466,,131442.3701,4
24457.6337,3.2216,,18397.47752,3.12583,,16748.29185,3.40017,,16076.27758,3.58808,,1.48E+06,3.96944,,42405.00556,2.78415,,35746.21117,2.7272,,20352.8808,2.99914,,19780.05221,2.52995,,18400.5442,2.89882
7447.41995,2.4548,,7295.44326,2.3186,,6143.961,2.34101,,6138.70061,2.33501,,11945.2924,2.36184,,8947.85184,2.26553,,8509.3915,2.24878,,7547.98537,2.28324,,7357.78653,2.20031,,7999.3426,2.3754
6376.57956,1.75355,,20853.11708,2.05591,,12005.14278,1.99174,,10989.44787,1.97129,,2981.35898,1.62587,,10989.31307,1.97129,,7182.98374,2.1923,,4574.20285,2.33221,,4121.07561,2.00709,,4604.35287,2.33965
41978.00224,2.05647,,24006.73383,1.93059,,20342.00821,1.96053,,19965.99907,1.95345,,36182.9287,2.0857,,19965.94679,1.95345,,25501.55279,1.84711,,31685.31753,1.71392,,39241.10237,1.99077,,40000.63509,1.89325
53894.98084,3.55192,,11813.902,3.03226,,13844.70794,2.44478,,13226.22786,2.43529,,10210.47511,2.30953,,14165.03464,2.41865,,14510.62793,2.42668,,10477.79689,2.59175,,11446.90382,2.34763,,35943.91378,3.54171
23498.61634,3.15811,,11308.28721,2.44671,,10119.39931,2.37356,,9737.16311,2.36404,,8366.94345,2.24315,,11133.38822,2.33837,,11121.17435,2.33801,,7585.48285,2.47186,,7727.77529,2.21666,,15598.14013,3.28711
7842.55888,2.18791,,5586.75265,1.98958,,4960.39417,2.02108,,4906.63419,2.02725,,7733.56734,2.16602,,4906.65388,2.02725,,6854.857,1.85532,,6854.857,1.85532,,7088.69511,1.90784,,7088.69898,1.90783
