Year,Month,Day,θobs_Aver,θsim_Aver
2007.0,7.0,1.0,0.22299999237060544,0.2462693229163161
2007.0,7.0,2.0,0.22100000381469723,0.24536522224276244
2007.0,7.0,3.0,0.2179999923706055,0.24420115244860832
2007.0,7.0,4.0,0.22500000000000003,0.24291210964045692
2007.0,7.0,5.0,0.24499999999999994,0.25035185771301594
2007.0,7.0,6.0,0.25600000381469723,0.2606187411512788
2007.0,7.0,7.0,0.25799999237060517,0.26625342703557736
2007.0,7.0,8.0,0.25299999237060544,0.26551948966432065
2007.0,7.0,9.0,0.2510000038146973,0.2642621869050888
2007.0,7.0,10.0,0.24899999618530272,0.2631623180455862
2007.0,7.0,11.0,0.24600000381469725,0.261757467619238
2007.0,7.0,12.0,0.24600000381469728,0.2633012238244612
2007.0,7.0,13.0,0.2439999961853027,0.261181289248781
2007.0,7.0,14.0,0.24399999618530274,0.25932373651226226
2007.0,7.0,15.0,0.24200000762939433,0.2576100054095
2007.0,7.0,16.0,0.23999999999999994,0.2561115224394997
2007.0,7.0,17.0,0.24,0.2553918845346634
2007.0,7.0,18.0,0.24,0.25742923237054866
2007.0,7.0,19.0,0.23899999618530296,0.25655263144897505
2007.0,7.0,20.0,0.23999999999999977,0.2573648785171773
2007.0,7.0,21.0,0.2429999923706055,0.25784157623415915
2007.0,7.0,22.0,0.24299999237060546,0.25671562290642724
2007.0,7.0,23.0,0.24100000381469758,0.2548215956382121
2007.0,7.0,24.0,0.2399999999999996,0.25286134982370284
2007.0,7.0,25.0,0.2379999923706054,0.25063077295619407
2007.0,7.0,26.0,0.2329999923706061,0.247644524015835
2007.0,7.0,27.0,0.22899999618530228,0.24389379862178637
2007.0,7.0,28.0,0.2250000000000003,0.2407299553831486
2007.0,7.0,29.0,0.23200000762939477,0.23868151920772443
2007.0,7.0,30.0,0.2670000076293939,0.27043053499119113
2007.0,7.0,31.0,0.2689999961853031,0.26986911180079304
2007.0,8.0,1.0,0.2710000038146978,0.27963896745119654
2007.0,8.0,2.0,0.26499999999999985,0.2802625994168642
2007.0,8.0,3.0,0.2610000038146963,0.2790549413153667
2007.0,8.0,4.0,0.2749999999999999,0.27752289347388054
2007.0,8.0,5.0,0.26899999618530335,0.2998014218654869
2007.0,8.0,6.0,0.26299999237060473,0.29655538229418693
2007.0,8.0,7.0,0.2599999999999997,0.292354704402357
2007.0,8.0,8.0,0.2579999923706056,0.28887042918884864
2007.0,8.0,9.0,0.2549999999999997,0.28580891105380113
2007.0,8.0,10.0,0.2510000038146977,0.28106783374608746
2007.0,8.0,11.0,0.24700000762939384,0.27656788627715256
2007.0,8.0,12.0,0.24499999999999986,0.27429174090386366
2007.0,8.0,13.0,0.24399999618530327,0.27309943614830223
2007.0,8.0,14.0,0.24200000762939394,0.2714243019660019
2007.0,8.0,15.0,0.23999999999999982,0.26906693160916845
2007.0,8.0,16.0,0.24700000762939492,0.26759884718201365
2007.0,8.0,17.0,0.2810000038146967,0.3005523007238757
2007.0,8.0,18.0,0.2710000038146968,0.29856619603264095
2007.0,8.0,19.0,0.2670000076293951,0.2962890607848021
2007.0,8.0,20.0,0.2639999961853032,0.2938573980693002
2007.0,8.0,21.0,0.26200000762939385,0.290377016785691
2007.0,8.0,22.0,0.2589999961853032,0.2866592544933289
2007.0,8.0,23.0,0.2550000000000006,0.2837740204602218
2007.0,8.0,24.0,0.25299999237060644,0.280334915011246
2007.0,8.0,25.0,0.24999999999999878,0.2772739330326379
2007.0,8.0,26.0,0.2460000038146979,0.27344235653757215
2007.0,8.0,27.0,0.24299999237060438,0.26966443954986424
2007.0,8.0,28.0,0.23899999618530338,0.2671229935498239
2007.0,8.0,29.0,0.23399999618530243,0.2642115546203972
2007.0,8.0,30.0,0.22799999237060592,0.2611892077389387
2007.0,8.0,31.0,0.22200000762939442,0.2576809998844467
2007.0,9.0,1.0,0.21299999237060474,0.25454814751053984
2007.0,9.0,2.0,0.20499999999999963,0.24843368522613482
2007.0,9.0,3.0,0.19700000762939596,0.24531110047548974
2007.0,9.0,4.0,0.1920000076293943,0.24153310829860014
2007.0,9.0,5.0,0.19100000381469623,0.25148894498131574
2007.0,9.0,6.0,0.19000000000000083,0.24887552818639325
2007.0,9.0,7.0,0.18799999237060525,0.24610476521408364
2007.0,9.0,8.0,0.1839999961853035,0.2431377989747475
2007.0,9.0,9.0,0.18100000381469722,0.23994553803470628
2007.0,9.0,10.0,0.1789999961853025,0.24220361241056385
2007.0,9.0,11.0,0.17499999999999882,0.24071457054093734
2007.0,9.0,12.0,0.17200000762939446,0.2378745180112118
2007.0,9.0,13.0,0.16700000762939626,0.23497777693495306
2007.0,9.0,14.0,0.1679999923706053,0.23913790789397202
2007.0,9.0,15.0,0.16499999999999992,0.24243083895220507
2007.0,9.0,16.0,0.16200000762939445,0.2389092979575504
2007.0,9.0,17.0,0.1580000019073488,0.23552264115020635
2007.0,9.0,18.0,0.15600000381469548,0.23203046306491049
2007.0,9.0,19.0,0.15300000190735008,0.23041302406996253
2007.0,9.0,20.0,0.15199999809265008,0.23082756443798272
2007.0,9.0,21.0,0.15000000000000044,0.2303942887610541
2007.0,9.0,22.0,0.14699999809265285,0.2277355446299159
2007.0,9.0,23.0,0.14499999999999813,0.22510246740879
2007.0,9.0,24.0,0.14300000190734913,0.22522303367135815
2007.0,9.0,25.0,0.14100000381469777,0.226196816277834
2007.0,9.0,26.0,0.13899999618530245,0.22548293482705384
2007.0,9.0,27.0,0.13600000381469718,0.22387301662674375
2007.0,9.0,28.0,0.13399999618530245,0.22192386915567153
2007.0,9.0,29.0,0.130000000000001,0.2198260659768031
2007.0,9.0,30.0,0.12899999618530264,0.21776972951708407
2007.0,10.0,1.0,0.1280000019073479,0.22815038578156702
2007.0,10.0,2.0,0.1260000038146979,0.2273039843908126
2007.0,10.0,3.0,0.12399999618530241,0.2241010171374328
2007.0,10.0,4.0,0.12500000000000017,0.2220378370017392
2007.0,10.0,5.0,0.125,0.23462754697147392
2007.0,10.0,6.0,0.121000003814697,0.2292926866704573
2007.0,10.0,7.0,0.12100000381469726,0.22450836445437314
2007.0,10.0,8.0,0.12300000190734947,0.2419826104144224
2007.0,10.0,9.0,0.12600000381469548,0.24048517647299
2007.0,10.0,10.0,0.1879999923706066,0.2665352377331958
2007.0,10.0,11.0,0.2200000000000002,0.2907150834624836
2007.0,10.0,12.0,0.22200000762939487,0.28990820940879675
2007.0,10.0,13.0,0.2179999923706048,0.2871740460468042
2007.0,10.0,14.0,0.21299999237060496,0.28579709778337015
2007.0,10.0,15.0,0.2070000076293943,0.27792357027742054
2007.0,10.0,16.0,0.20499999999999963,0.27160567537679003
2007.0,10.0,17.0,0.20100000381469846,0.26727244588209464
2007.0,10.0,18.0,0.22399999618530186,0.2802337247307022
2007.0,10.0,19.0,0.22200000762939612,0.27549060291258565
2007.0,10.0,20.0,0.21999999999999964,0.2676639417980882
2007.0,10.0,21.0,0.2160000038146958,0.260237124322117
2007.0,10.0,22.0,0.21499999999999825,0.25267751039255765
2007.0,10.0,23.0,0.20899999618530363,0.24736824274837443
2007.0,10.0,24.0,0.20799999237060368,0.24258657979184192
2007.0,10.0,25.0,0.19100000381469728,0.23702647487894754
2007.0,10.0,26.0,0.1820000076293955,0.23101372497471734
2007.0,10.0,27.0,0.17399999618530326,0.22653901541969632
2007.0,10.0,28.0,0.16799999237060625,0.22390814629934808
2007.0,10.0,29.0,0.16100000381469504,0.22104317872972426
2007.0,10.0,30.0,0.1530000019073504,0.21796339904897333
2007.0,10.0,31.0,0.14600000381469747,0.215389752251732
2007.0,11.0,1.0,0.13999999999999813,0.21342686402452174
2007.0,11.0,2.0,0.13500000000000212,0.21280938036937452
2007.0,11.0,3.0,0.12999999999999945,0.2119003144283382
2007.0,11.0,4.0,0.12499999999999944,0.21097470847180386
2007.0,11.0,5.0,0.11999999999999944,0.2111417838412419
2007.0,11.0,6.0,0.11699999809265188,0.21060449235961476
2007.0,11.0,7.0,0.11300000190734827,0.21020332061017866
2007.0,11.0,8.0,0.11000000000000049,0.2095047738901011
2007.0,11.0,9.0,0.10600000381469699,0.21264614618852537
2007.0,11.0,10.0,0.10499999999999976,0.21150946216756236
2007.0,11.0,11.0,0.10199999809265181,0.211229128447999
2007.0,11.0,12.0,0.09699999809265081,0.21049376632323205
2007.0,11.0,13.0,0.09300000190735014,0.2096220113094592
2007.0,11.0,14.0,0.08999999999999858,0.21282940534128503
2007.0,11.0,15.0,0.08800000190734941,0.21175853223064212
2007.0,11.0,16.0,0.08999999999999925,0.2155277710453319
2007.0,11.0,17.0,0.0889999961853025,0.22228807457509137
2007.0,11.0,18.0,0.08800000190734963,0.21831676107355252
2007.0,11.0,19.0,0.08600000381469747,0.21519288270425982
2007.0,11.0,20.0,NaN,0.21327742609575534
2007.0,11.0,21.0,NaN,0.21179675694144065
2007.0,11.0,22.0,0.07800000190734874,0.21066242175016925
2007.0,11.0,23.0,0.07499999999999923,0.20960109935935964
2007.0,11.0,24.0,0.0730000019073494,0.20866273133544325
2007.0,11.0,25.0,0.06999999999999917,0.20781659884478676
2007.0,11.0,26.0,0.06800000190734873,0.2069974933755235
2007.0,11.0,27.0,0.06599999904632586,0.2063028807342416
2007.0,11.0,28.0,0.06500000000000042,0.20577389298354384
2007.0,11.0,29.0,0.05900000095367408,0.20527304828453188
2007.0,11.0,30.0,0.060999999046325915,0.2046185986479731
2007.0,12.0,1.0,0.060999999046325686,0.2042264508354571
2007.0,12.0,2.0,0.05999999999999936,0.20359832722139615
2007.0,12.0,3.0,0.06,0.203181344065038
2007.0,12.0,4.0,0.060999999046326345,0.20254253281576007
2007.0,12.0,5.0,0.05999999999999936,0.2020809690746694
2007.0,12.0,6.0,0.05900000095367475,0.20142860490414763
2007.0,12.0,7.0,0.05800000190734908,0.20095905610663206
2007.0,12.0,8.0,0.058000001907348636,0.20045102972370465
2007.0,12.0,9.0,0.058000001907348636,0.2007395555816563
2007.0,12.0,10.0,0.05699999809265108,0.20097330715804568
2007.0,12.0,11.0,0.05699999809265137,0.20065511817783027
2007.0,12.0,12.0,0.05699999809265137,0.20021670130958089
2007.0,12.0,13.0,0.055999999046324994,0.19974126194297426
2007.0,12.0,14.0,NaN,0.1993634734757541
2007.0,12.0,15.0,NaN,0.1991108596082728
2007.0,12.0,16.0,NaN,0.19855842289209968
2007.0,12.0,17.0,NaN,0.197883034424088
2007.0,12.0,18.0,NaN,0.19840058144005832
2007.0,12.0,19.0,NaN,0.29679585821671833
2007.0,12.0,20.0,NaN,0.29324335678890756
2007.0,12.0,21.0,0.2110000038146992,0.2865818277547035
2007.0,12.0,22.0,0.2039999961853014,0.279304668851219
2007.0,12.0,23.0,0.19500000000000117,0.26899154496238836
2007.0,12.0,24.0,0.18899999618529928,0.2585083502025816
2007.0,12.0,25.0,0.17299999237061003,0.2516333001651636
2007.0,12.0,26.0,0.20499999999999652,0.24734574017720765
2007.0,12.0,27.0,0.20299999237060984,0.2659866070164574
2007.0,12.0,28.0,0.19799999237060473,0.258882374444057
2007.0,12.0,29.0,0.18999999999999884,0.2550191559850986
2007.0,12.0,30.0,0.17299999237060737,0.24659535006876784
2007.0,12.0,31.0,0.16299999237060403,0.23863308283251478
2008.0,1.0,1.0,0.15399999618530402,0.23380489743872993
2008.0,1.0,2.0,0.1439999961853009,0.22790296483195033
2008.0,1.0,3.0,0.1339999961853009,0.22298257088793233
2008.0,1.0,4.0,0.12800000190734906,0.21892703138865355
2008.0,1.0,5.0,0.11899999618530233,0.2176013431270363
2008.0,1.0,6.0,0.11000000000000143,0.2147545607157197
2008.0,1.0,7.0,0.1049999999999992,0.21317126920640278
2008.0,1.0,8.0,0.10199999809265214,0.21468247619439831
2008.0,1.0,9.0,0.09699999809265047,0.21515956433017425
2008.0,1.0,10.0,0.09199999809265325,0.2297482068906686
2008.0,1.0,11.0,0.08699999809265047,0.22665011132565696
2008.0,1.0,12.0,0.08100000381469785,0.2217235194740383
2008.0,1.0,13.0,0.07599999904632404,0.21704701837668294
2008.0,1.0,14.0,0.07199999809265267,0.21414844292335172
2008.0,1.0,15.0,0.0690000009536732,0.2120597419092138
2008.0,1.0,16.0,0.06699999809265161,0.21074077235061453
2008.0,1.0,17.0,0.06400000095367597,0.20962656712458277
2008.0,1.0,18.0,0.06300000190734639,0.20839391198868548
2008.0,1.0,19.0,0.059000000953675746,0.2076154542244904
2008.0,1.0,20.0,0.05999999999999944,0.2067780701670809
2008.0,1.0,21.0,0.058000001907348386,0.20594406808537627
2008.0,1.0,22.0,0.058000001907348636,0.205437946930846
2008.0,1.0,23.0,0.05900000095367511,0.214232028025088
2008.0,1.0,24.0,0.05900000095367432,0.21179404441403069
2008.0,1.0,25.0,0.05800000190734783,0.2104724998167157
2008.0,1.0,26.0,0.05699999809265102,0.20962935394696258
2008.0,1.0,27.0,0.05599999904632483,0.2092035416653778
2008.0,1.0,28.0,0.055000000000000604,0.2086251973455543
2008.0,1.0,29.0,0.055,0.2078028847986998
2008.0,1.0,30.0,0.05400000095367494,0.20694279675021762
2008.0,1.0,31.0,0.05400000095367432,0.20654203304203547
2008.0,2.0,1.0,0.05400000095367432,0.2057689811200472
2008.0,2.0,2.0,0.053000001907347744,0.20494539724634525
2008.0,2.0,3.0,0.05300000190734863,0.20444819823278615
2008.0,2.0,4.0,0.05300000190734863,0.2038432745978704
2008.0,2.0,5.0,0.05400000095367524,0.21447168293066493
2008.0,2.0,6.0,0.05500000000000074,0.21206792404286365
2008.0,2.0,7.0,0.055,0.21057383004166652
2008.0,2.0,8.0,0.05599999904632508,0.20973209479330265
2008.0,2.0,9.0,0.05599999904632568,0.20891945714606464
2008.0,2.0,10.0,0.05599999904632568,0.20825298381848611
2008.0,2.0,11.0,0.05599999904632568,0.208133886299072
2008.0,2.0,12.0,0.06000000000000005,0.2077961916214868
2008.0,2.0,13.0,0.06,0.20736128339683715
2008.0,2.0,14.0,0.06,0.20711077556388185
2008.0,2.0,15.0,0.06,0.20731629553478004
2008.0,2.0,16.0,0.06,0.21519267077661566
2008.0,2.0,17.0,0.060999999046326636,0.216408830198034
2008.0,2.0,18.0,0.060999999046325686,0.21383088315494755
2008.0,2.0,19.0,0.060999999046325686,0.2131806101808005
2008.0,2.0,20.0,0.059999999999999026,0.21172024888875274
2008.0,2.0,21.0,0.06,0.21060127011670354
2008.0,2.0,22.0,0.06,0.20963730439089479
2008.0,2.0,23.0,0.060999999046326664,0.210200445553915
2008.0,2.0,24.0,0.059999999999999,0.20968920361945695
2008.0,2.0,25.0,0.05900000095367497,0.20905743166483576
2008.0,2.0,26.0,0.058000001907349275,0.20825920499534528
2008.0,2.0,27.0,0.056999998092650966,0.20758282985399762
2008.0,2.0,28.0,0.05599999904632466,0.20693581310357312
2008.0,2.0,29.0,0.05599999904632568,0.206302022546025
2008.0,3.0,1.0,0.05800000190735005,0.2057037277776535
2008.0,3.0,2.0,0.058000001907348636,0.22500268639240217
2008.0,3.0,3.0,0.06099999904632536,0.22707133926355458
2008.0,3.0,4.0,0.060999999046325686,0.2253773434942942
2008.0,3.0,5.0,0.060999999046325686,0.2239761498596745
2008.0,3.0,6.0,0.060999999046325686,0.2207658323400981
2008.0,3.0,7.0,0.060999999046325686,0.21906472623283726
2008.0,3.0,8.0,0.061999998092650666,0.21643008688186474
2008.0,3.0,9.0,0.06099999904632636,0.21384289793735323
2008.0,3.0,10.0,0.060999999046325686,0.21201542776363191
2008.0,3.0,11.0,0.05900000095367397,0.21105675483687034
2008.0,3.0,12.0,0.05900000095367432,0.20996193522580314
2008.0,3.0,13.0,0.05800000190734933,0.20909359464011618
2008.0,3.0,14.0,0.05699999809265088,0.20866681426793934
2008.0,3.0,15.0,0.05599999904632463,0.20813751637995176
2008.0,3.0,16.0,0.05599999904632568,0.20755617040657925
2008.0,3.0,17.0,0.055000000000000715,0.20699688652934467
2008.0,3.0,18.0,0.05400000095367502,0.20646341798376291
2008.0,3.0,19.0,0.05400000095367432,0.20593432294541536
2008.0,3.0,20.0,0.05400000095367432,0.20526601289302693
2008.0,3.0,21.0,0.05300000190734755,0.20474694734055618
2008.0,3.0,22.0,0.05199999809265088,0.20422448614312658
2008.0,3.0,23.0,0.051999998092651364,0.203956010351879
2008.0,3.0,24.0,0.051999998092651364,0.20354101245189013
2008.0,3.0,25.0,NaN,0.2031229115257549
2008.0,3.0,26.0,NaN,0.2027275964418206
2008.0,3.0,27.0,NaN,0.20230760945294912
2008.0,3.0,28.0,NaN,0.20182113434430263
2008.0,3.0,29.0,NaN,0.20151820826359515
2008.0,3.0,30.0,NaN,0.21267555942042662
2008.0,3.0,31.0,0.051999998092651364,0.21235962559993382
2008.0,4.0,1.0,0.051999998092651364,0.21141391855628414
2008.0,4.0,2.0,0.051999998092651364,0.2104135906311334
2008.0,4.0,3.0,NaN,0.20981471216741135
2008.0,4.0,4.0,NaN,0.20930113682731638
2008.0,4.0,5.0,0.07699999809265101,0.21065233305826425
2008.0,4.0,6.0,0.08300000190734935,0.24390993504509925
2008.0,4.0,7.0,0.10499999999999954,0.24577870416492442
2008.0,4.0,8.0,0.11399999618530465,0.27523945103510417
2008.0,4.0,9.0,0.11300000190734671,0.2723029083931608
2008.0,4.0,10.0,0.11199999809265088,0.26788287803254024
2008.0,4.0,11.0,0.11000000000000154,0.2631283342400621
2008.0,4.0,12.0,0.1110000038146978,0.2609339965074762
2008.0,4.0,13.0,0.10899999618530176,0.25873310324258303
2008.0,4.0,14.0,0.1399999999999988,0.25583319036562896
2008.0,4.0,15.0,0.20000000000000284,0.3253305533319959
2008.0,4.0,16.0,0.19899999618529823,0.316735623482818
2008.0,4.0,17.0,0.21200000762939464,0.3112975400112425
2008.0,4.0,18.0,0.21799999237060597,0.315115921786692
2008.0,4.0,19.0,0.2170000076293952,0.30944262065119466
2008.0,4.0,20.0,0.2139999961853054,0.30506360292356394
2008.0,4.0,21.0,0.20999999999999508,0.2998002281779629
2008.0,4.0,22.0,0.2079999923706044,0.29525489846275144
2008.0,4.0,23.0,0.20499999999999963,0.2948076552432243
2008.0,4.0,24.0,0.20200000762939418,0.2896557801307371
2008.0,4.0,25.0,0.1989999961853055,0.28603412998518707
2008.0,4.0,26.0,0.2010000038146983,0.2833008805630418
2008.0,4.0,27.0,0.19100000381469462,0.2800609753336625
2008.0,4.0,28.0,0.18500000000000205,0.2801051211949945
2008.0,4.0,29.0,0.186000003814702,0.2776644248986226
2008.0,4.0,30.0,0.21499999999999453,0.29134614210746074
2008.0,5.0,1.0,0.24799999237060533,0.3298596600798341
2008.0,5.0,2.0,0.242000007629394,0.3225349198311245
2008.0,5.0,3.0,0.239999999999999,0.3186822276205301
2008.0,5.0,4.0,0.23799999237060443,0.31337077891013776
2008.0,5.0,5.0,0.23799999237060546,0.3112893769976579
2008.0,5.0,6.0,0.23700000762939527,0.3100081446787048
2008.0,5.0,7.0,0.234999999999999,0.30608981519267664
2008.0,5.0,8.0,0.23200000762940287,0.30268835420904533
2008.0,5.0,9.0,0.22899999618529687,0.2991200074543587
2008.0,5.0,10.0,0.2279999923706093,0.302943101956781
2008.0,5.0,11.0,0.2270000076293952,0.2999269608960276
2008.0,5.0,12.0,0.22499999999999887,0.2974352343310814
2008.0,5.0,13.0,0.2229999923706043,0.2946478462490198
2008.0,5.0,14.0,0.2189999961853064,0.29195110349353026
2008.0,5.0,15.0,0.2170000076293903,0.2893041653187077
2008.0,5.0,16.0,0.2129999923706032,0.28706080753464436
2008.0,5.0,17.0,0.20999999999999974,0.2847826860233993
2008.0,5.0,18.0,0.20499999999999852,0.28274846829762673
2008.0,5.0,19.0,0.20100000381470084,0.28030612381187575
2008.0,5.0,20.0,0.19700000762939807,0.27780298628997857
2008.0,5.0,21.0,0.19499999999999884,0.2763362623411427
2008.0,5.0,22.0,0.1920000076293943,0.2746439915724155
2008.0,5.0,23.0,0.18899999618529661,0.27279689319119027
2008.0,5.0,24.0,0.18700000762939928,0.27509389902525355
2008.0,5.0,25.0,0.18499999999999883,0.273918322597801
2008.0,5.0,26.0,0.18200000762939417,0.2737145382524424
2008.0,5.0,27.0,0.1789999961853056,0.2718957400141071
2008.0,5.0,28.0,0.17600000381469683,0.2703288464974493
2008.0,5.0,29.0,0.17299999237060848,0.26871878179535813
2008.0,5.0,30.0,0.16899999618529726,0.26690352400812356
2008.0,5.0,31.0,0.16600000381469693,0.26500497759869124
2008.0,6.0,1.0,0.1639999961853016,0.26299524766695637
2008.0,6.0,2.0,0.16200000762939937,0.26519494638588226
2008.0,6.0,3.0,0.15899999618529637,0.26516146868946927
2008.0,6.0,4.0,0.1569999980926533,0.26353772925998065
2008.0,6.0,5.0,0.15399999618530869,0.26175575090303804
2008.0,6.0,6.0,0.14999999999999436,0.2603942435985422
2008.0,6.0,7.0,0.14399999618530535,0.25656597930469155
2008.0,6.0,8.0,0.14899999618530435,0.2651332791865588
2008.0,6.0,9.0,0.14800000190734636,0.26281431517986137
2008.0,6.0,10.0,0.14699999809265557,0.2606053260463824
2008.0,6.0,11.0,0.14600000381469497,0.25916339130645644
2008.0,6.0,12.0,0.14399999618530157,0.25765527617439443
2008.0,6.0,13.0,0.1430000019073463,0.2546208554113313
2008.0,6.0,14.0,0.14199999809265562,0.2521862617293994
2008.0,6.0,15.0,0.13899999618529923,0.24953543974618167
2008.0,6.0,16.0,0.13800000190735168,0.24732556886045728
2008.0,6.0,17.0,0.13600000381469923,0.24636175990895925
2008.0,6.0,18.0,0.13399999618530145,0.24529789188368464
2008.0,6.0,19.0,0.1319999980926534,0.24388340537761966
2008.0,6.0,20.0,0.13100000381470028,0.2425448613312388
2008.0,6.0,21.0,0.12899999618530156,0.24124566706913647
2008.0,6.0,22.0,0.1339999961852989,0.24090683807548516
2008.0,6.0,23.0,0.13399999618530273,0.25502238592090565
2008.0,6.0,24.0,0.13300000190735162,0.25602287055871276
2008.0,6.0,25.0,0.13199999809265034,0.2553926276055772
2008.0,6.0,26.0,0.13100000381470023,0.25276182561596566
2008.0,6.0,27.0,0.13100000381469726,0.2497463651188367
2008.0,6.0,28.0,0.12999999999999906,0.24846965197219256
2008.0,6.0,29.0,0.13100000381469823,0.2588437955002061
2008.0,6.0,30.0,0.12999999999999906,0.2575807876600927
2008.0,7.0,1.0,0.12899999618530245,0.2558685614863975
2008.0,7.0,2.0,0.12899999618530272,0.25417855396594957
2008.0,7.0,3.0,0.13100000381469856,0.2523550963190713
2008.0,7.0,4.0,0.13100000381469726,0.259468517637175
2008.0,7.0,5.0,0.13100000381470264,0.26279692557785844
2008.0,7.0,6.0,0.13000000000000456,0.2608081506567881
2008.0,7.0,7.0,0.13,0.25809198121007493
2008.0,7.0,8.0,0.13,0.2561184043764787
2008.0,7.0,9.0,0.13,0.25419223589587353
2008.0,7.0,10.0,0.13,0.25254790544037997
2008.0,7.0,11.0,0.17000000000000348,0.2644487226103994
2008.0,7.0,12.0,0.18499999999999428,0.28103448920028884
2008.0,7.0,13.0,0.18799999237060583,0.28325104847997545
2008.0,7.0,14.0,0.18600000381470272,0.28177839034669466
2008.0,7.0,15.0,0.1849999999999941,0.2796383936489377
2008.0,7.0,16.0,0.18299999237060416,0.2771981484873072
2008.0,7.0,17.0,0.18200000762939533,0.2753472811874611
2008.0,7.0,18.0,0.18100000381470194,0.27476248595057134
2008.0,7.0,19.0,0.2320000076293951,0.2867516864239341
2008.0,7.0,20.0,0.236000003814693,0.29808446548472656
2008.0,7.0,21.0,0.23299999237060898,0.295905221104381
2008.0,7.0,22.0,0.2539999961852928,0.29426109267104505
2008.0,7.0,23.0,0.25200000762938946,0.30759021648943163
2008.0,7.0,24.0,0.2520000076293945,0.30665368838277296
2008.0,7.0,25.0,0.2510000038147129,0.3057004744355067
2008.0,7.0,26.0,0.24899999618530133,0.3030442552399263
2008.0,7.0,27.0,0.24600000381469678,0.300252141697772
2008.0,7.0,28.0,0.24399999618530144,0.29784341820969334
2008.0,7.0,29.0,0.24399999618530274,0.2976073271508228
2008.0,7.0,30.0,0.3929999923705978,0.30478825294089273
2008.0,7.0,31.0,0.44200000762938885,0.3642403987875668
2008.0,8.0,1.0,0.4409999847412198,0.3519243010219815
2008.0,8.0,2.0,0.44099998474121094,0.3447146196088861
2008.0,8.0,3.0,0.44000000000000083,0.3617842027533811
2008.0,8.0,4.0,0.44299999237059473,0.34825973916286257
2008.0,8.0,5.0,0.44400001525880245,0.3540779288278313
2008.0,8.0,6.0,0.44400001525878907,0.3452062367952482
2008.0,8.0,7.0,0.44400001525878907,0.3388015094296991
2008.0,8.0,8.0,0.44400001525878907,0.3397902393862195
2008.0,8.0,9.0,0.44700000762938374,0.3377778409836493
2008.0,8.0,10.0,0.44500000000000983,0.33300836749018325
2008.0,8.0,11.0,0.45900001525879564,0.3287358766551121
2008.0,8.0,12.0,0.4640000152587691,0.3388485747056179
2008.0,8.0,13.0,0.4359999847412208,0.3421101387581215
2008.0,8.0,14.0,0.43700000762940694,0.3364017242053452
2008.0,8.0,15.0,0.4379999923705843,0.34192764895355643
2008.0,8.0,16.0,0.44000000000001155,0.3349663148241116
2008.0,8.0,17.0,0.43900001525878996,0.32999977435526007
2008.0,8.0,18.0,0.44599998474121083,0.3259043769886323
2008.0,8.0,19.0,0.44099998474120916,0.3222763008511397
2008.0,8.0,20.0,0.4049999999999905,0.31861655885496615
2008.0,8.0,21.0,0.3700000000000081,0.31523193080721124
2008.0,8.0,22.0,0.3400000000000123,0.3118235258462375
2008.0,8.0,23.0,0.32499999999999396,0.30793550502477096
2008.0,8.0,24.0,0.42499999999999716,0.3113504278527439
2008.0,8.0,25.0,0.44599998474121705,0.3506621512179153
2008.0,8.0,26.0,0.44700000762938513,0.3631387285266412
2008.0,8.0,27.0,0.4440000152588004,0.35116878174315047
2008.0,8.0,28.0,0.44400001525878907,0.344104147205689
2008.0,8.0,29.0,0.4500000000000006,0.33833172565516956
2008.0,8.0,30.0,0.4470000076293821,0.3342366613907962
2008.0,8.0,31.0,0.4409999847412185,0.3296875984520467
2008.0,9.0,1.0,0.4140000152587824,0.32532225008869814
2008.0,9.0,2.0,0.3729999923706231,0.3205930319231266
2008.0,9.0,3.0,0.34099998474120774,0.3169681714080638
2008.0,9.0,4.0,0.3759999847412008,0.316495669323656
2008.0,9.0,5.0,0.43299999237061826,0.32416060097753474
2008.0,9.0,6.0,0.4359999847411994,0.3277168315799799
2008.0,9.0,7.0,0.4279999923706148,0.3247108483344619
2008.0,9.0,8.0,0.4329999923706074,0.31975178213748956
2008.0,9.0,9.0,0.4309999847411973,0.3301113430854477
2008.0,9.0,10.0,NaN,0.3274791940218793
2008.0,9.0,11.0,NaN,0.3284944979398925
2008.0,9.0,12.0,NaN,0.32869322985062327
2008.0,9.0,13.0,NaN,0.32480236736128554
2008.0,9.0,14.0,NaN,0.3203818817748452
2008.0,9.0,15.0,NaN,0.31516478714670026
2008.0,9.0,16.0,NaN,0.31084845992000504
2008.0,9.0,17.0,NaN,0.3065535917545394
2008.0,9.0,18.0,NaN,0.3017682894512145
2008.0,9.0,19.0,NaN,0.30096374798077163
2008.0,9.0,20.0,NaN,0.29792216910479763
2008.0,9.0,21.0,NaN,0.294069246898674
2008.0,9.0,22.0,NaN,0.28936998101088834
2008.0,9.0,23.0,NaN,0.28288207880104554
2008.0,9.0,24.0,NaN,0.27731006959935134
2008.0,9.0,25.0,NaN,0.27477849606300336
2008.0,9.0,26.0,NaN,0.2702235038632988
2008.0,9.0,27.0,NaN,0.26592905020560154
2008.0,9.0,28.0,NaN,0.2732982163456098
2008.0,9.0,29.0,NaN,0.2685967089592646
2008.0,9.0,30.0,NaN,0.2763425059813038
2008.0,10.0,1.0,NaN,0.27368478088702114
2008.0,10.0,2.0,NaN,0.2689691454418883
2008.0,10.0,3.0,NaN,0.26397030055965537
2008.0,10.0,4.0,NaN,0.2561086197797431
2008.0,10.0,5.0,NaN,0.2516819436504903
2008.0,10.0,6.0,NaN,0.252380501699268
2008.0,10.0,7.0,NaN,0.24845757282892286
2008.0,10.0,8.0,NaN,0.24882666139177678
2008.0,10.0,9.0,NaN,0.24370486338717576
2008.0,10.0,10.0,NaN,0.24178768035772563
2008.0,10.0,11.0,NaN,0.23778969614450252
2008.0,10.0,12.0,NaN,0.23399734982366513
2008.0,10.0,13.0,NaN,0.23080275334303246
2008.0,10.0,14.0,NaN,0.22712126735843982
2008.0,10.0,15.0,NaN,0.22374447771039627
2008.0,10.0,16.0,NaN,0.22080686350666143
2008.0,10.0,17.0,NaN,0.21939396169420403
2008.0,10.0,18.0,NaN,0.21874692277121485
2008.0,10.0,19.0,NaN,0.2246161844702435
2008.0,10.0,20.0,NaN,0.222676191320026
2008.0,10.0,21.0,NaN,0.22007653649900102
2008.0,10.0,22.0,NaN,0.2185639746831384
2008.0,10.0,23.0,NaN,0.2629509534713984
2008.0,10.0,24.0,NaN,0.2614233293783204
2008.0,10.0,25.0,NaN,0.26043205534597463
2008.0,10.0,26.0,NaN,0.29449348011558335
2008.0,10.0,27.0,NaN,0.28851443643479746
2008.0,10.0,28.0,NaN,0.2790117498824006
2008.0,10.0,29.0,NaN,0.2727981865832414
2008.0,10.0,30.0,NaN,0.27015107228672347
2008.0,10.0,31.0,NaN,0.26350353592554965
2008.0,11.0,1.0,NaN,0.2564839540140483
2008.0,11.0,2.0,NaN,0.26051846350199503
2008.0,11.0,3.0,NaN,0.2553335975435747
2008.0,11.0,4.0,NaN,0.24852716607965
2008.0,11.0,5.0,NaN,0.24397179167931768
2008.0,11.0,6.0,NaN,0.23901846344355582
2008.0,11.0,7.0,NaN,0.23808094893241652
2008.0,11.0,8.0,NaN,0.24263380489449216
2008.0,11.0,9.0,NaN,0.2375284166315344
2008.0,11.0,10.0,NaN,0.23477288192793558
2008.0,11.0,11.0,NaN,0.23311720238752273
2008.0,11.0,12.0,NaN,0.2285378141901814
2008.0,11.0,13.0,NaN,0.22520546811199657
2008.0,11.0,14.0,NaN,0.22192825844769104
2008.0,11.0,15.0,NaN,0.21978931754946665
2008.0,11.0,16.0,NaN,0.21728255277566774
2008.0,11.0,17.0,NaN,0.22942972026797803
2008.0,11.0,18.0,NaN,0.22684532203907723
2008.0,11.0,19.0,NaN,0.22242058123525837
2008.0,11.0,20.0,NaN,0.21885605903703656
2008.0,11.0,21.0,NaN,0.21711358452125684
2008.0,11.0,22.0,NaN,0.21497989958968108
2008.0,11.0,23.0,NaN,0.213785001061581
2008.0,11.0,24.0,NaN,0.21354802416064828
2008.0,11.0,25.0,NaN,0.23508777403946549
2008.0,11.0,26.0,NaN,0.2290019035391856
2008.0,11.0,27.0,NaN,0.22684178953979076
2008.0,11.0,28.0,NaN,0.2262817535016668
2008.0,11.0,29.0,NaN,0.22178085589475993
2008.0,11.0,30.0,NaN,0.21799452180631973
2008.0,12.0,1.0,NaN,0.21578041345639967
2008.0,12.0,2.0,NaN,0.21535733804134374
2008.0,12.0,3.0,NaN,0.2135253895604086
2008.0,12.0,4.0,NaN,0.21226069894860974
2008.0,12.0,5.0,NaN,0.2112128477185633
2008.0,12.0,6.0,NaN,0.21035925853492754
2008.0,12.0,7.0,NaN,0.20951676117603657
2008.0,12.0,8.0,NaN,0.20891342557166837
2008.0,12.0,9.0,NaN,0.22273276008490936
2008.0,12.0,10.0,NaN,0.2212639389087333
2008.0,12.0,11.0,NaN,0.21799664986914155
2008.0,12.0,12.0,NaN,0.21533469561103646
2008.0,12.0,13.0,NaN,0.2157745631900284
2008.0,12.0,14.0,NaN,0.2144751836535718
2008.0,12.0,15.0,NaN,0.2139357862945044
2008.0,12.0,16.0,NaN,0.2397168589354148
2008.0,12.0,17.0,NaN,0.23706850610267693
2008.0,12.0,18.0,NaN,0.23429624679020195
2008.0,12.0,19.0,NaN,0.2274849102959011
2008.0,12.0,20.0,NaN,0.23167858862265459
2008.0,12.0,21.0,NaN,0.2636418178724216
2008.0,12.0,22.0,NaN,0.26103986809014745
2008.0,12.0,23.0,NaN,0.252490533765676
2008.0,12.0,24.0,NaN,0.24492249495652033
2008.0,12.0,25.0,NaN,0.2599119980370109
2008.0,12.0,26.0,NaN,0.25505495336829753
2008.0,12.0,27.0,NaN,0.24656240211749542
2008.0,12.0,28.0,NaN,0.23983607241983415
2008.0,12.0,29.0,NaN,0.23263491858196672
2008.0,12.0,30.0,NaN,0.2263534191776378
2008.0,12.0,31.0,NaN,0.22122403829926288
2009.0,1.0,1.0,NaN,0.21810928728951937
2009.0,1.0,2.0,NaN,0.2147243586769057
2009.0,1.0,3.0,NaN,0.21285104921563572
2009.0,1.0,4.0,NaN,0.21199708712537954
2009.0,1.0,5.0,NaN,0.21066577492033392
2009.0,1.0,6.0,NaN,0.20958334935457731
2009.0,1.0,7.0,NaN,0.2086638840001438
2009.0,1.0,8.0,NaN,0.207681092051861
2009.0,1.0,9.0,NaN,0.20677689219888826
2009.0,1.0,10.0,NaN,0.20611334060750283
2009.0,1.0,11.0,NaN,0.20573960300073055
2009.0,1.0,12.0,NaN,0.20512033076111624
2009.0,1.0,13.0,NaN,0.20454731117441147
2009.0,1.0,14.0,NaN,0.2038911869106123
2009.0,1.0,15.0,NaN,0.2032737728004906
2009.0,1.0,16.0,NaN,0.20262625532837464
2009.0,1.0,17.0,NaN,0.20198168491128604
2009.0,1.0,18.0,NaN,0.2042664757338188
2009.0,1.0,19.0,NaN,0.20681329768176535
2009.0,1.0,20.0,NaN,0.20616735108726889
2009.0,1.0,21.0,NaN,0.20574091348754145
2009.0,1.0,22.0,NaN,0.20496975920348975
2009.0,1.0,23.0,NaN,0.20431031671567318
2009.0,1.0,24.0,NaN,0.203548777041728
2009.0,1.0,25.0,NaN,0.2027880818979414
2009.0,1.0,26.0,NaN,0.20209114012497864
2009.0,1.0,27.0,NaN,0.20147639346506604
2009.0,1.0,28.0,NaN,0.2083364667998357
2009.0,1.0,29.0,NaN,0.20756382506378734
2009.0,1.0,30.0,NaN,0.2070352918244509
2009.0,1.0,31.0,NaN,0.2062098215573733
2009.0,2.0,1.0,NaN,0.20539471597104292
2009.0,2.0,2.0,NaN,0.2048043406525489
2009.0,2.0,3.0,NaN,0.20447825968176897
2009.0,2.0,4.0,NaN,0.20372821080802175
2009.0,2.0,5.0,NaN,0.20853558157006252
2009.0,2.0,6.0,NaN,0.20775484690866086
2009.0,2.0,7.0,NaN,0.20678921673891293
2009.0,2.0,8.0,NaN,0.20600056605437245
2009.0,2.0,9.0,NaN,0.20528108330841
2009.0,2.0,10.0,NaN,0.20465689968265674
2009.0,2.0,11.0,NaN,0.20427148340124898
2009.0,2.0,12.0,NaN,0.20406188867378144
2009.0,2.0,13.0,NaN,0.26911741760376484
2009.0,2.0,14.0,NaN,0.2659269727583732
2009.0,2.0,15.0,NaN,0.2600003947810585
2009.0,2.0,16.0,NaN,0.25164942530768053
2009.0,2.0,17.0,NaN,0.2482630391524132
2009.0,2.0,18.0,NaN,0.24174050625024168
2009.0,2.0,19.0,NaN,0.23744162655335666
2009.0,2.0,20.0,NaN,0.26716493576378286
2009.0,2.0,21.0,NaN,0.2927100800373207
2009.0,2.0,22.0,NaN,0.2851856014340682
2009.0,2.0,23.0,NaN,0.27555513453898167
2009.0,2.0,24.0,NaN,0.28162264154729594
2009.0,2.0,25.0,NaN,0.27851247552800135
2009.0,2.0,26.0,NaN,0.274803943202692
2009.0,2.0,27.0,NaN,0.26909774340306236
2009.0,2.0,28.0,NaN,0.2647893062128388
2009.0,3.0,1.0,NaN,0.31619245882715385
2009.0,3.0,2.0,NaN,0.30555366873703577
2009.0,3.0,3.0,NaN,0.2940204729519457
2009.0,3.0,4.0,NaN,0.28894143401365396
2009.0,3.0,5.0,NaN,0.28104768130116997
2009.0,3.0,6.0,NaN,0.2790438904828489
2009.0,3.0,7.0,NaN,0.27432425988786424
2009.0,3.0,8.0,NaN,0.26711083053652346
2009.0,3.0,9.0,NaN,0.2598993117439583
2009.0,3.0,10.0,NaN,0.25588943962679184
2009.0,3.0,11.0,NaN,0.2518558923331242
2009.0,3.0,12.0,NaN,0.2483598928307983
2009.0,3.0,13.0,NaN,0.2439060178835512
2009.0,3.0,14.0,NaN,0.24204256161796947
2009.0,3.0,15.0,NaN,0.24013639230515285
2009.0,3.0,16.0,NaN,0.23633541983533216
2009.0,3.0,17.0,NaN,0.23289417922564937
2009.0,3.0,18.0,NaN,0.2293738410186677
2009.0,3.0,19.0,NaN,0.22631137669427293
2009.0,3.0,20.0,NaN,0.22354332836747604
2009.0,3.0,21.0,NaN,0.22191867735923496
2009.0,3.0,22.0,NaN,0.22150795704914533
2009.0,3.0,23.0,NaN,0.2200176419376284
2009.0,3.0,24.0,NaN,0.218463391836331
2009.0,3.0,25.0,NaN,0.21751303983480275
2009.0,3.0,26.0,NaN,0.21642337270172976
2009.0,3.0,27.0,NaN,0.21542298239110452
2009.0,3.0,28.0,NaN,0.21400249384067954
2009.0,3.0,29.0,NaN,0.21304532718060862
2009.0,3.0,30.0,NaN,0.21223763222113445
2009.0,3.0,31.0,NaN,0.21159498314063016
2009.0,4.0,1.0,NaN,0.21127400051459427
2009.0,4.0,2.0,NaN,0.21086259490200693
2009.0,4.0,3.0,NaN,0.21045553179424073
2009.0,4.0,4.0,NaN,0.21004483141694202
2009.0,4.0,5.0,NaN,0.209533791523206
2009.0,4.0,6.0,NaN,0.20890638910714976
2009.0,4.0,7.0,NaN,0.20838286455741703
2009.0,4.0,8.0,NaN,0.21308008253684238
2009.0,4.0,9.0,NaN,0.2126496397477359
2009.0,4.0,10.0,NaN,0.2120467125709466
2009.0,4.0,11.0,NaN,0.21139667124079964
2009.0,4.0,12.0,NaN,0.2108247680512042
2009.0,4.0,13.0,NaN,0.2103456137850838
2009.0,4.0,14.0,NaN,0.2098675535535473
2009.0,4.0,15.0,NaN,0.20947897375948926
2009.0,4.0,16.0,NaN,0.20913460107744503
2009.0,4.0,17.0,NaN,0.20882376172675482
2009.0,4.0,18.0,NaN,0.20854751527068133
2009.0,4.0,19.0,NaN,0.20826784767694484
2009.0,4.0,20.0,NaN,0.20802615724934334
2009.0,4.0,21.0,NaN,0.20783610829793925
2009.0,4.0,22.0,NaN,0.20758893705402126
2009.0,4.0,23.0,NaN,0.207352970217875
2009.0,4.0,24.0,NaN,0.20717285273339855
2009.0,4.0,25.0,NaN,0.2069535826619137
2009.0,4.0,26.0,NaN,0.20676929621421486
2009.0,4.0,27.0,NaN,0.20647947554430351
2009.0,4.0,28.0,NaN,0.20905999035405892
2009.0,4.0,29.0,NaN,0.2534731886248734
2009.0,4.0,30.0,NaN,0.26041838213755597
2009.0,5.0,1.0,NaN,0.2590398980023953
2009.0,5.0,2.0,NaN,0.2579623443618093
2009.0,5.0,3.0,NaN,0.2566881770969476
2009.0,5.0,4.0,NaN,0.2539459728275428
2009.0,5.0,5.0,NaN,0.25145406270841114
2009.0,5.0,6.0,NaN,0.24846485780787902
2009.0,5.0,7.0,NaN,0.2515347822536137
2009.0,5.0,8.0,NaN,0.24914344450119624
2009.0,5.0,9.0,NaN,0.2674203451836154
2009.0,5.0,10.0,NaN,0.26608115540267585
2009.0,5.0,11.0,NaN,0.2634669218814987
2009.0,5.0,12.0,NaN,0.260912493507201
2009.0,5.0,13.0,NaN,0.25797124638344937
2009.0,5.0,14.0,NaN,0.25491485582309936
2009.0,5.0,15.0,NaN,0.2613158654075338
2009.0,5.0,16.0,NaN,0.26636714528887834
2009.0,5.0,17.0,NaN,0.2683273267387641
2009.0,5.0,18.0,NaN,0.26372364953819866
2009.0,5.0,19.0,NaN,0.26551988358324397
2009.0,5.0,20.0,NaN,0.26195971910321486
2009.0,5.0,21.0,NaN,0.25889614704136826
2009.0,5.0,22.0,NaN,0.25629247947617584
2009.0,5.0,23.0,NaN,0.2542319606082702
2009.0,5.0,24.0,NaN,0.2557658618604979
2009.0,5.0,25.0,NaN,0.25383671321263
2009.0,5.0,26.0,NaN,0.25206028196291363
2009.0,5.0,27.0,NaN,0.2508850489009491
2009.0,5.0,28.0,NaN,0.250171270696001
2009.0,5.0,29.0,NaN,0.2489712769025982
2009.0,5.0,30.0,NaN,0.24754271298626615
2009.0,5.0,31.0,NaN,0.2468779791008727
2009.0,6.0,1.0,NaN,0.2618635978332476
2009.0,6.0,2.0,NaN,0.26043010775957365
2009.0,6.0,3.0,NaN,0.25815476592237446
2009.0,6.0,4.0,NaN,0.2562377024825632
2009.0,6.0,5.0,NaN,0.2541759247847599
2009.0,6.0,6.0,NaN,0.2517115347749944
2009.0,6.0,7.0,NaN,0.24996855161866563
2009.0,6.0,8.0,NaN,0.24846270772759785
2009.0,6.0,9.0,NaN,0.2479288608502884
2009.0,6.0,10.0,NaN,0.2551994351040526
2009.0,6.0,11.0,NaN,0.27122336486157717
2009.0,6.0,12.0,NaN,0.2891161656781721
2009.0,6.0,13.0,NaN,0.2964141106694001
2009.0,6.0,14.0,NaN,0.3027896315658361
2009.0,6.0,15.0,NaN,0.2997332148046002
2009.0,6.0,16.0,NaN,0.2970899736486291
2009.0,6.0,17.0,NaN,0.29484006454500383
2009.0,6.0,18.0,NaN,0.291707177676025
2009.0,6.0,19.0,NaN,0.28894745824108553
2009.0,6.0,20.0,NaN,0.2862680748471791
2009.0,6.0,21.0,NaN,0.28374367770153275
2009.0,6.0,22.0,NaN,0.28136793993068027
2009.0,6.0,23.0,NaN,0.2796613613796312
2009.0,6.0,24.0,NaN,0.277770892808282
2009.0,6.0,25.0,NaN,0.2758562081949662
2009.0,6.0,26.0,NaN,0.27469324128278294
2009.0,6.0,27.0,NaN,0.2741576007521847
2009.0,6.0,28.0,NaN,0.27259282829981685
2009.0,6.0,29.0,NaN,0.28083449901817525
2009.0,6.0,30.0,NaN,0.28911370067666803
2009.0,7.0,1.0,NaN,0.2886614064097599
2009.0,7.0,2.0,NaN,0.28800330091609555
2009.0,7.0,3.0,NaN,0.2900657447730735
2009.0,7.0,4.0,NaN,0.2881223158616334
2009.0,7.0,5.0,NaN,0.28999340380573896
2009.0,7.0,6.0,NaN,0.2970346982171948
2009.0,7.0,7.0,NaN,0.2952015678818475
2009.0,7.0,8.0,NaN,0.29547331283826045
2009.0,7.0,9.0,NaN,0.29328970340385296
2009.0,7.0,10.0,NaN,0.29068961183432857
2009.0,7.0,11.0,NaN,0.2886285934587775
2009.0,7.0,12.0,NaN,0.2869224093167439
2009.0,7.0,13.0,NaN,0.28557520770371775
2009.0,7.0,14.0,NaN,0.28389055784400596
2009.0,7.0,15.0,NaN,0.286499916439544
2009.0,7.0,16.0,NaN,0.28472736344489447
2009.0,7.0,17.0,NaN,0.282865937132039
2009.0,7.0,18.0,NaN,0.2813081312101467
2009.0,7.0,19.0,NaN,0.279440863907823
2009.0,7.0,20.0,NaN,0.2767745146972801
2009.0,7.0,21.0,NaN,0.27456202454434986
2009.0,7.0,22.0,NaN,0.2713280481548986
2009.0,7.0,23.0,NaN,0.26861099001445593
2009.0,7.0,24.0,NaN,0.2978953871699439
2009.0,7.0,25.0,NaN,0.2954657526842317
2009.0,7.0,26.0,NaN,0.29309472502823863
2009.0,7.0,27.0,NaN,0.28992665619243396
2009.0,7.0,28.0,NaN,0.28747920683637423
2009.0,7.0,29.0,NaN,0.28485829990804745
2009.0,7.0,30.0,NaN,0.2820759209976691
2009.0,7.0,31.0,NaN,0.2783352873348469
2009.0,8.0,1.0,NaN,0.27443269535838055
2009.0,8.0,2.0,NaN,0.27229797380750903
2009.0,8.0,3.0,NaN,0.2703115977403599
2009.0,8.0,4.0,NaN,0.26687767084838765
2009.0,8.0,5.0,NaN,0.27098454540041955
2009.0,8.0,6.0,NaN,0.2675280895125229
2009.0,8.0,7.0,NaN,0.2653684561773467
2009.0,8.0,8.0,NaN,0.26301151154304775
2009.0,8.0,9.0,NaN,0.26050945575495804
2009.0,8.0,10.0,NaN,0.2575211741822441
2009.0,8.0,11.0,NaN,0.2546989892411775
2009.0,8.0,12.0,NaN,0.2516881005167226
2009.0,8.0,13.0,NaN,0.24947016444979656
2009.0,8.0,14.0,NaN,0.24857417293950934
2009.0,8.0,15.0,NaN,0.24774745808638754
2009.0,8.0,16.0,NaN,0.28277829016539247
2009.0,8.0,17.0,NaN,0.2813765677610588
2009.0,8.0,18.0,NaN,0.2801663319717418
2009.0,8.0,19.0,NaN,0.28715652899919347
2009.0,8.0,20.0,NaN,0.2835379037538125
2009.0,8.0,21.0,NaN,0.27977535471166154
2009.0,8.0,22.0,NaN,0.276581909270787
2009.0,8.0,23.0,NaN,0.27362202964888005
2009.0,8.0,24.0,NaN,0.271421335606524
2009.0,8.0,25.0,NaN,0.26896458742205837
2009.0,8.0,26.0,NaN,0.2967704441312015
2009.0,8.0,27.0,NaN,0.29215142878467204
2009.0,8.0,28.0,NaN,0.2861546613762769
2009.0,8.0,29.0,NaN,0.2803203547444029
2009.0,8.0,30.0,NaN,0.27525592953428313
2009.0,8.0,31.0,NaN,0.3075307026196867
2009.0,9.0,1.0,NaN,0.3027711269433935
2009.0,9.0,2.0,NaN,0.29584422077456607
2009.0,9.0,3.0,NaN,0.29018407210025765
2009.0,9.0,4.0,NaN,0.2868173125537007
2009.0,9.0,5.0,NaN,0.28297272409906954
2009.0,9.0,6.0,NaN,0.2791955692031394
2009.0,9.0,7.0,NaN,0.2755331317494152
2009.0,9.0,8.0,NaN,0.2717815311737728
2009.0,9.0,9.0,NaN,0.2665074760319794
2009.0,9.0,10.0,NaN,0.2604382460743883
2009.0,9.0,11.0,NaN,0.2562373117817497
2009.0,9.0,12.0,NaN,0.25448135281695505
2009.0,9.0,13.0,NaN,0.25270645461932967
2009.0,9.0,14.0,NaN,0.24858086230915624
2009.0,9.0,15.0,NaN,0.24515938685835117
2009.0,9.0,16.0,NaN,0.24165850372074757
2009.0,9.0,17.0,NaN,0.2392605514557261
2009.0,9.0,18.0,NaN,0.2362985246019295
2009.0,9.0,19.0,NaN,0.23416072693294823
2009.0,9.0,20.0,NaN,0.23248146316773458
2009.0,9.0,21.0,NaN,0.2299628492888104
2009.0,9.0,22.0,NaN,0.2279547681913425
2009.0,9.0,23.0,0.18399999618532092,0.22549886930522117
2009.0,9.0,24.0,0.21700000762938743,0.22415401102445054
2009.0,9.0,25.0,0.30700000762941215,0.3000466774417066
2009.0,9.0,26.0,0.30100000381468117,0.2994288245204487
2009.0,9.0,27.0,0.2870000076293966,0.2945732705880611
2009.0,9.0,28.0,0.35200000762939965,0.29368352009045834
2009.0,9.0,29.0,0.34700000762939087,0.30593748118594905
2009.0,9.0,30.0,0.33299999237059374,0.3061218438989529
2009.0,10.0,1.0,0.3070000076294228,0.3014703205895367
2009.0,10.0,2.0,0.29600000381467595,0.2953719005112816
2009.0,10.0,3.0,0.2860000038146904,0.2890022527623762
2009.0,10.0,4.0,0.28100000381469314,0.2817668196912526
2009.0,10.0,5.0,0.27999999999999003,0.2845085634103463
2009.0,10.0,6.0,0.28,0.2882520635100751
2009.0,10.0,7.0,0.2770000076294137,0.28289055547751624
2009.0,10.0,8.0,0.3029999923706228,0.2775694420516529
2009.0,10.0,9.0,0.410999984741224,0.32404797910345506
2009.0,10.0,10.0,0.4170000076293823,0.3221237769986683
2009.0,10.0,11.0,0.35299999237059865,0.315294049290898
2009.0,10.0,12.0,0.31399999618528796,0.30654562348202363
2009.0,10.0,13.0,0.29799999237062913,0.2993753548099828
2009.0,10.0,14.0,0.2910000038146823,0.2919423228829943
2009.0,10.0,15.0,0.30100000381470515,0.29686505844879557
2009.0,10.0,16.0,0.4029999923705958,0.31480626200892325
2009.0,10.0,17.0,0.4090000152587745,0.3227602248869586
2009.0,10.0,18.0,0.4070000076294149,0.3320846539370541
2009.0,10.0,19.0,0.3729999923706231,0.3263767082023837
2009.0,10.0,20.0,0.322999992370562,0.31824615872049367
2009.0,10.0,21.0,0.302999992370637,0.31309192001971375
2009.0,10.0,22.0,0.3110000038146934,0.3059266740830388
2009.0,10.0,23.0,0.3110000038146973,0.32040133230635925
2009.0,10.0,24.0,0.29799999237060604,0.31290572954204166
2009.0,10.0,25.0,0.2899999999999716,0.3065136129220223
2009.0,10.0,26.0,0.2820000076294127,0.29942362115993676
2009.0,10.0,27.0,0.2760000038146808,0.2984292876318322
2009.0,10.0,28.0,0.272000007629404,0.292950912366662
2009.0,10.0,29.0,0.27100000381468403,0.2952407040635222
2009.0,10.0,30.0,0.27100000381469724,0.28929503102064746
2009.0,10.0,31.0,0.27100000381469724,0.2835420268697914
2009.0,11.0,1.0,0.26899999618532355,0.27997943479284587
2009.0,11.0,2.0,0.26700000762938303,0.2740014263104789
2009.0,11.0,3.0,0.26399999618531034,0.26890763528082745
2009.0,11.0,4.0,0.2610000038147202,0.2652633679188499
2009.0,11.0,5.0,0.25299999237060433,0.25856994945336914
2009.0,11.0,6.0,0.24499999999997524,0.2522510924064689
2009.0,11.0,7.0,0.23399999618530565,0.2466686302355041
2009.0,11.0,8.0,0.22799999237061197,0.2413088560169916
2009.0,11.0,9.0,0.22200000762939265,0.2386130813150989
2009.0,11.0,10.0,0.2129999923705963,0.23637226742900236
2009.0,11.0,11.0,0.20799999237060174,0.2326065508311396
2009.0,11.0,12.0,0.2020000076294144,0.2345926307979055
2009.0,11.0,13.0,0.19600000381468163,0.2303191354744013
2009.0,11.0,14.0,0.18899999618531726,0.22736574910740007
2009.0,11.0,15.0,0.1739999961852945,0.223530275459043
2009.0,11.0,16.0,0.1629999923706098,0.22037734219008162
2009.0,11.0,17.0,0.15499999999999492,0.21780810535636277
2009.0,11.0,18.0,0.1600000000000037,0.24024037431539202
2009.0,11.0,19.0,0.1610000038146867,0.23758136202415323
2009.0,11.0,20.0,0.1569999980926533,0.23217917053813886
2009.0,11.0,21.0,0.15399999618531846,0.2261419129787725
2009.0,11.0,22.0,0.15300000190734275,0.22295895683727882
2009.0,11.0,23.0,0.1480000019073442,0.2211343535616686
2009.0,11.0,24.0,0.14499999999999114,0.21954335971860167
2009.0,11.0,25.0,0.13999999999999968,0.21701585438131737
2009.0,11.0,26.0,0.1339999961853069,0.21440144269456213
2009.0,11.0,27.0,0.128999996185299,0.2127010976615676
2009.0,11.0,28.0,0.12800000190736716,0.21252602636425919
2009.0,11.0,29.0,0.12699999809263762,0.21972897669850128
2009.0,11.0,30.0,0.12800000190736238,0.22531833521016056
2009.0,12.0,1.0,0.1449999999999818,0.24670026874705997
2009.0,12.0,2.0,0.22700000762941386,0.254405758116221
2009.0,12.0,3.0,0.241000003814694,0.27819558868147776
2009.0,12.0,4.0,0.23499999999998167,0.2746221508346215
2009.0,12.0,5.0,0.22299999237061918,0.26899384174141533
2009.0,12.0,6.0,0.20999999999999197,0.25957351062178263
2009.0,12.0,7.0,0.2089999961853135,0.2537017506078676
2009.0,12.0,8.0,0.17999999999998906,0.24608391039126076
2009.0,12.0,9.0,0.1670000076294098,0.23936391922483705
2009.0,12.0,10.0,0.15699999809263687,0.23277869265007323
2009.0,12.0,11.0,0.1510000038147128,0.2290561494827588
2009.0,12.0,12.0,0.14199999809264874,0.2266091448885326
2009.0,12.0,13.0,0.13300000190735162,0.22146658720716592
2009.0,12.0,14.0,0.12499999999999023,0.21808074569420596
2009.0,12.0,15.0,0.12100000381469478,0.21541013655580651
2009.0,12.0,16.0,0.11899999618529966,0.2171630717082632
2009.0,12.0,17.0,0.11800000190735516,0.21502154634933132
2009.0,12.0,18.0,0.11600000381470221,0.21311655759497597
2009.0,12.0,19.0,0.11399999618529955,0.21116624718338578
2009.0,12.0,20.0,0.11199999809264405,0.21041673011311907
2009.0,12.0,21.0,0.11000000000000498,0.2140832746227117
2009.0,12.0,22.0,0.1089999961853012,0.21237368057697534
2009.0,12.0,23.0,0.10699999809265637,0.21113493216268392
2009.0,12.0,24.0,0.10499999999999243,0.2101056789096039
2009.0,12.0,25.0,0.10300000190735359,0.20918870724363664
2009.0,12.0,26.0,0.1000000000000032,0.20826003030900042
2009.0,12.0,27.0,0.09800000190734126,0.20728421736872904
2009.0,12.0,28.0,0.09699999809264992,0.20837956675941618
2009.0,12.0,29.0,0.09600000381470386,0.20999181676202539
2009.0,12.0,30.0,0.09399999618529953,0.20934278148598
2009.0,12.0,31.0,0.09300000190734448,0.21004076257129825
2010.0,1.0,1.0,0.09100000381470053,0.20936653556298102
2010.0,1.0,2.0,0.08999999999999841,0.2082320770348783
2010.0,1.0,3.0,0.08800000190735346,0.20749337943136162
2010.0,1.0,4.0,0.08699999809264969,0.20688244963362973
2010.0,1.0,5.0,0.08499999999999441,0.20586448606145707
2010.0,1.0,6.0,0.0830000019073518,0.20511811056220045
2010.0,1.0,7.0,0.0819999980926498,0.2042384090143658
2010.0,1.0,8.0,0.08000000000000518,0.203500359255622
2010.0,1.0,9.0,0.08,0.2026858564944062
2010.0,1.0,10.0,0.09499999999999886,0.2021639762780473
2010.0,1.0,11.0,0.1069999980926557,0.23385421877986637
2010.0,1.0,12.0,0.10499999999999243,0.23583176094128513
2010.0,1.0,13.0,0.10399999618530109,0.23254607241668812
2010.0,1.0,14.0,0.10199999809265647,0.22931775482564312
2010.0,1.0,15.0,0.09899999618530586,0.22496636419549643
2010.0,1.0,16.0,0.09600000381469664,0.22060593586849667
2010.0,1.0,17.0,0.09300000190734092,0.21789369592818253
2010.0,1.0,18.0,0.0910000038147003,0.21559021668512746
2010.0,1.0,19.0,0.08800000190735169,0.21385012517371765
2010.0,1.0,20.0,0.08499999999999241,0.21207863153024464
2010.0,1.0,21.0,0.11000000000000654,0.21457571704937123
2010.0,1.0,22.0,0.11,0.233882969594103
2010.0,1.0,23.0,0.1080000019073537,0.22992273714290612
2010.0,1.0,24.0,0.10600000381468955,0.23396427100329675
2010.0,1.0,25.0,0.10399999618529954,0.23001001629087664
2010.0,1.0,26.0,0.10199999809265647,0.22616859206208834
2010.0,1.0,27.0,0.0989999961853063,0.2230113180496625
2010.0,1.0,28.0,0.09499999999999753,0.2189964065169621
2010.0,1.0,29.0,0.09199999809265469,0.21638698923125196
2010.0,1.0,30.0,0.08800000190734591,0.21441579480083037
2010.0,1.0,31.0,0.08399999618530485,0.21237802156769256
2010.0,2.0,1.0,0.08199999809264358,0.2111367753124465
2010.0,2.0,2.0,0.08000000000000518,0.21015856614399844
2010.0,2.0,3.0,0.07900000095367687,0.20964561264880355
2010.0,2.0,4.0,0.07699999809265257,0.20898904257942885
2010.0,2.0,5.0,0.07599999904631516,0.20823637452349597
2010.0,2.0,6.0,0.07500000000000273,0.20742909663420492
2010.0,2.0,7.0,0.07400000095367698,0.2066253950829999
2010.0,2.0,8.0,0.07300000190735134,0.2062585023300256
2010.0,2.0,9.0,0.07300000190734864,0.2057161906632475
2010.0,2.0,10.0,0.07199999809264968,0.2051192627664399
2010.0,2.0,11.0,0.07300000190735023,0.2097272473732826
2010.0,2.0,12.0,0.07300000190734864,0.2090462097269964
2010.0,2.0,13.0,0.07300000190734864,0.2083976966100473
2010.0,2.0,14.0,0.07199999809264979,0.20761154675475083
2010.0,2.0,15.0,0.07099999904632825,0.2071079763317114
2010.0,2.0,16.0,0.06999999999999196,0.2067164070236364
2010.0,2.0,17.0,0.07,0.2062142819526144
2010.0,2.0,18.0,0.07,0.2059417123156117
2010.0,2.0,19.0,0.0709999990463338,0.21012162673939483
2010.0,2.0,20.0,0.06999999999999174,0.20918787014000187
2010.0,2.0,21.0,0.07,0.20833793947249604
2010.0,2.0,22.0,0.07,0.207608582114087
2010.0,2.0,23.0,0.06900000095367431,0.20686172815615897
2010.0,2.0,24.0,0.06900000095367431,0.20591797291922412
2010.0,2.0,25.0,0.06900000095367431,0.20503162378235695
2010.0,2.0,26.0,0.06800000190735134,0.20433128908012854
2010.0,2.0,27.0,0.06800000190734863,0.2038743798399181
2010.0,2.0,28.0,0.06699999809264967,0.20315501821823903
2010.0,3.0,1.0,0.06699999809265136,0.20234145284654612
2010.0,3.0,2.0,0.06699999809265136,0.20161189377508193
2010.0,3.0,3.0,0.06599999904632836,0.20120679831839092
2010.0,3.0,4.0,0.06599999904632568,0.20049615673245672
2010.0,3.0,5.0,0.07199999809265378,0.20000593482178405
2010.0,3.0,6.0,0.08199999809264646,0.21386887578902003
2010.0,3.0,7.0,0.0810000038147044,0.2127714077733255
2010.0,3.0,8.0,0.07900000095367532,0.21091165684495766
2010.0,3.0,9.0,0.07800000190734835,0.20987943960592756
2010.0,3.0,10.0,0.0769999980926418,0.20920503962288442
2010.0,3.0,11.0,0.07699999809265137,0.20854959541921145
2010.0,3.0,12.0,0.08600000381470885,0.21394160171254195
2010.0,3.0,13.0,0.08800000190734591,0.2239835633722934
2010.0,3.0,14.0,0.08699999809264958,0.22037983582808732
2010.0,3.0,15.0,0.08499999999999486,0.21722114664138276
2010.0,3.0,16.0,0.085,0.2151626999821721
2010.0,3.0,17.0,0.08800000190735613,0.21907524074588985
2010.0,3.0,18.0,0.08499999999999241,0.2170269037467204
2010.0,3.0,19.0,0.08300000190735135,0.2152295143915857
2010.0,3.0,20.0,0.08000000000000362,0.2135831662260629
2010.0,3.0,21.0,0.07800000190735124,0.21222271779900795
2010.0,3.0,22.0,0.0759999990463267,0.21100580965232776
2010.0,3.0,23.0,0.07400000095366899,0.2118577718297424
2010.0,3.0,24.0,0.10800000190735659,0.21098134157732
2010.0,3.0,25.0,0.10999999999999455,0.24394671397083253
2010.0,3.0,26.0,0.10800000190735415,0.23910485943920995
2010.0,3.0,27.0,0.10600000381468888,0.23334821348851784
2010.0,3.0,28.0,0.10300000190735226,0.22806252460065285
2010.0,3.0,29.0,0.09899999618530497,0.22624827112960524
2010.0,3.0,30.0,0.09600000381469664,0.22304516908590546
2010.0,3.0,31.0,0.09199999809265336,0.2199347158241401
2010.0,4.0,1.0,0.08800000190734636,0.21731431680206337
2010.0,4.0,2.0,0.08499999999999286,0.21536041559174326
2010.0,4.0,3.0,0.08199999809265224,0.21394275965775336
2010.0,4.0,4.0,0.08000000000000584,0.2123401107020873
2010.0,4.0,5.0,0.07800000190735101,0.21171447485686948
2010.0,4.0,6.0,0.07599999904632693,0.21117100047570111
2010.0,4.0,7.0,0.07499999999999196,0.2111436353244169
2010.0,4.0,8.0,0.0740000009536772,0.2107050472136469
2010.0,4.0,9.0,0.07300000190735156,0.21026513218866977
2010.0,4.0,10.0,0.07199999809264956,0.2097831867943252
2010.0,4.0,11.0,0.07199999809265137,0.20935277913751563
2010.0,4.0,12.0,0.07099999904632837,0.20882662064795465
2010.0,4.0,13.0,0.07099999904632569,0.2082569068923345
2010.0,4.0,14.0,0.06999999999999207,0.20915630451229592
2010.0,4.0,15.0,0.07,0.2085467677488168
2010.0,4.0,16.0,0.06900000095367376,0.20861945378441935
2010.0,4.0,17.0,0.06800000190735145,0.20822724990538594
2010.0,4.0,18.0,0.06800000190734863,0.20784263431814115
2010.0,4.0,19.0,0.06699999809264967,0.20749852506376099
2010.0,4.0,20.0,0.06699999809265136,0.20698571849500397
2010.0,4.0,21.0,0.06699999809265136,0.2066336873808401
2010.0,4.0,22.0,0.06599999904632847,0.20631084328499888
2010.0,4.0,23.0,0.06599999904632568,0.20589869652795584
2010.0,4.0,24.0,0.06599999904632568,0.2054206806428625
2010.0,4.0,25.0,0.06599999904632568,0.20507708133770217
2010.0,4.0,26.0,0.06599999904632568,0.20480287915038178
2010.0,4.0,27.0,0.06599999904632568,0.20453149605616194
2010.0,4.0,28.0,0.06500000000000283,0.2058499825454045
2010.0,4.0,29.0,0.065,0.2054933352564614
2010.0,4.0,30.0,0.065,0.205029372570315
2010.0,5.0,1.0,0.06199999809264822,0.2046353661633068
2010.0,5.0,2.0,0.06300000190735378,0.20479118158171292
2010.0,5.0,3.0,0.06300000190734863,0.204544646030365
2010.0,5.0,4.0,0.06300000190734863,0.20421137530256728
2010.0,5.0,5.0,0.061999998092646225,0.20392623105138682
2010.0,5.0,6.0,0.061999998092651366,0.20371430572837027
2010.0,5.0,7.0,0.061999998092651366,0.20334265261521534
2010.0,5.0,8.0,0.06300000190735378,0.20299808478710146
2010.0,5.0,9.0,0.06300000190734863,0.20281960180905975
2010.0,5.0,10.0,0.061999998092646,0.20268152352004173
2010.0,5.0,11.0,0.06099999904632858,0.20247103727607063
2010.0,5.0,12.0,0.060999999046325686,0.20231067966477492
2010.0,5.0,13.0,0.06300000190735089,0.20586360427703887
2010.0,5.0,14.0,0.06300000190734863,0.20564865367272117
2010.0,5.0,15.0,0.07300000190734757,0.21172943026231883
2010.0,5.0,16.0,0.13399999618528113,0.25066198389879
2010.0,5.0,17.0,0.13500000000001633,0.2945749111048007
2010.0,5.0,18.0,0.13399999618528624,0.2899753223224537
2010.0,5.0,19.0,0.1560000038147109,0.29664804242795795
2010.0,5.0,20.0,0.15600000381469725,0.29378061571375036
2010.0,5.0,21.0,0.15499999999999137,0.29133667067066266
2010.0,5.0,22.0,0.15399999618529403,0.2890098772467297
2010.0,5.0,23.0,0.15199999809267073,0.2856364387158852
2010.0,5.0,24.0,0.18999999999999062,0.2852818828531397
2010.0,5.0,25.0,0.3770000076293911,0.330397266606278
2010.0,5.0,26.0,0.41400001525879304,0.3642101073242868
2010.0,5.0,27.0,0.3459999847412121,0.3511149009447574
2010.0,5.0,28.0,0.3829999923705927,0.34392405641944923
2010.0,5.0,29.0,0.41500000000000625,0.35716447283098274
2010.0,5.0,30.0,0.3879999923706059,0.3505019795704588
2010.0,5.0,31.0,0.33400001525878764,0.34351636959403964
2010.0,6.0,1.0,0.37799999237060433,0.33886964140068004
2010.0,6.0,2.0,0.4170000076294329,0.3625662608951523
2010.0,6.0,3.0,0.42200000762939993,0.3527362471833162
2010.0,6.0,4.0,0.4170000076293894,0.3448862215605166
2010.0,6.0,5.0,0.384999999999998,0.3397893813055001
2010.0,6.0,6.0,0.4190000152587601,0.3405520543611069
2010.0,6.0,7.0,0.4250000000000016,0.36364544312598296
2010.0,6.0,8.0,0.4320000076294326,0.3583413048693195
2010.0,6.0,9.0,0.4370000076293392,0.3472204117539848
2010.0,6.0,10.0,0.43500000000002625,0.34127720621881275
2010.0,6.0,11.0,0.432999992370632,0.3488112849354743
2010.0,6.0,12.0,0.42999999999996863,0.3415158012085435
2010.0,6.0,13.0,0.43299999237063647,0.3355212498628577
2010.0,6.0,14.0,0.4340000152587651,0.3327795968065494
2010.0,6.0,15.0,0.43599998474120616,0.3294647877393355
2010.0,6.0,16.0,0.4259999847412015,0.3282592285953217
2010.0,6.0,17.0,0.40700000762941,0.324855849541265
2010.0,6.0,18.0,0.3870000076293749,0.3220304902537175
2010.0,6.0,19.0,0.40000000000003944,0.3210642976702699
2010.0,6.0,20.0,0.43599998474118706,0.3336888765979409
2010.0,6.0,21.0,0.44000000000000794,0.3338624607044201
2010.0,6.0,22.0,0.442000007629368,0.330441241696847
2010.0,6.0,23.0,0.4379999923706581,0.3264201646073915
2010.0,6.0,24.0,0.44299999237054966,0.3374367808837351
2010.0,6.0,25.0,0.44200000762939706,0.33892685103900305
2010.0,6.0,26.0,0.44099998474123514,0.356085907759436
2010.0,6.0,27.0,0.44299999237057874,0.35153978123944635
2010.0,6.0,28.0,0.44500000000003426,0.34398246336714317
2010.0,6.0,29.0,0.44099998474120383,0.3456463461127739
2010.0,6.0,30.0,0.44099998474121094,0.34006258358983404
2010.0,7.0,1.0,0.44400001525879906,0.33616197538869264
2010.0,7.0,2.0,0.44599998474120595,0.3325027856661147
2010.0,7.0,3.0,0.44299999237057364,0.32868385083078644
2010.0,7.0,4.0,0.4379999923706617,0.3250166312317944
2010.0,7.0,5.0,0.4209999847411616,0.3217286115286223
2010.0,7.0,6.0,0.40000000000004476,0.31975096814682485
2010.0,7.0,7.0,0.3849999999999838,0.31774557349171595
2010.0,7.0,8.0,0.3629999923706144,0.3155866343580231
2010.0,7.0,9.0,0.3429999923705864,0.31310008822832985
2010.0,7.0,10.0,0.3329999923705955,0.310875944720644
2010.0,7.0,11.0,0.3270000076293931,0.30882295911656926
2010.0,7.0,12.0,0.32299999237064103,0.30694435822493277
2010.0,7.0,13.0,0.3199999999999861,0.3051886642961458
2010.0,7.0,14.0,0.31499999999999506,0.3031475571212136
2010.0,7.0,15.0,0.30999999999999517,0.3015389432756492
2010.0,7.0,16.0,0.30700000762938107,0.2998445003312435
2010.0,7.0,17.0,0.43099998474122003,0.3107579591976888
2010.0,7.0,18.0,0.4159999847411946,0.31621935391689276
2010.0,7.0,19.0,0.3729999923706586,0.31432489058317437
2010.0,7.0,20.0,0.3409999847411598,0.3119377754750105
2010.0,7.0,21.0,0.37000000000001165,0.31191301336643495
2010.0,7.0,22.0,0.42299999237062735,0.32970547177615656
2010.0,7.0,23.0,0.4320000076294068,0.3509802858828537
2010.0,7.0,24.0,0.4349999999999703,0.35556399121059784
2010.0,7.0,25.0,0.4359999847412085,0.3455448314787144
2010.0,7.0,26.0,0.4350000000000025,0.34027461036374285
2010.0,7.0,27.0,0.435,0.33543879464553095
2010.0,7.0,28.0,0.43799999237063814,0.33866235418784973
2010.0,7.0,29.0,0.4299999999999624,0.3328200184759053
2010.0,7.0,30.0,0.412000007629409,0.3288266524391459
2010.0,7.0,31.0,0.3859999847412112,0.3252493909292302
2010.0,8.0,1.0,0.4120000076293948,0.32234326246957035
2010.0,8.0,2.0,0.4070000076293896,0.32712198354098737
2010.0,8.0,3.0,0.3879999923705846,0.32156226546680855
2010.0,8.0,4.0,0.4290000152588078,0.331658894858384
2010.0,8.0,5.0,0.4350000000000023,0.33418800904333806
2010.0,8.0,6.0,0.4299999999999944,0.33003669463000695
2010.0,8.0,7.0,0.4290000152587916,0.3255257205484925
2010.0,8.0,8.0,0.4340000152587944,0.3352731259671184
2010.0,8.0,9.0,0.4329999923706307,0.3308793668300287
2010.0,8.0,10.0,0.41499999999995296,0.32667017209403226
2010.0,8.0,11.0,0.38500000000003354,0.3224578725976881
2010.0,8.0,12.0,0.3620000076294012,0.318294950399659
2010.0,8.0,13.0,0.39200000762936327,0.3154261088184289
2010.0,8.0,14.0,0.4290000152587936,0.3329569559351914
2010.0,8.0,15.0,0.4279999923706308,0.32867398355892397
2010.0,8.0,16.0,0.4170000076293867,0.3253829609954532
2010.0,8.0,17.0,0.3909999847412102,0.3215640031605301
2010.0,8.0,18.0,0.3859999847412059,0.3182789570996676
2010.0,8.0,19.0,0.37700000762935915,0.320876443650141
2010.0,8.0,20.0,0.36599998474122764,0.3188074225288813
2010.0,8.0,21.0,0.3509999847411933,0.31632656621363525
2010.0,8.0,22.0,0.3390000152588488,0.3134535445761897
2010.0,8.0,23.0,0.3590000152587436,0.31031888981792066
2010.0,8.0,24.0,0.36599998474121076,0.31724819532937776
2010.0,8.0,25.0,0.3459999847412547,0.3135002377024221
2010.0,8.0,26.0,0.35900001525874536,0.315699671608485
2010.0,8.0,27.0,0.3329999923706062,0.31226562992565804
2010.0,8.0,28.0,0.4179999923706248,0.317886378646945
2010.0,8.0,29.0,0.3979999923705826,0.3209810463969913
2010.0,8.0,30.0,0.39900001525882767,0.318510381929533
2010.0,8.0,31.0,0.4259999847411642,0.3404615970755408
2010.0,9.0,1.0,0.42799999237064146,0.3385872309127073
2010.0,9.0,2.0,0.42599998474117484,0.333204720413918
2010.0,9.0,3.0,0.4290000152587994,0.34321668726974275
2010.0,9.0,4.0,0.4299999999999973,0.3369078738890383
2010.0,9.0,5.0,0.42200000762942125,0.32989297516186616
2010.0,9.0,6.0,0.4149999999999583,0.332015364534111
2010.0,9.0,7.0,0.38500000000003354,0.32607956751814887
2010.0,9.0,8.0,0.35999999999997456,0.32143831257761024
2010.0,9.0,9.0,0.3929999923706049,0.3200055655595284
2010.0,9.0,10.0,0.4270000076294309,0.35753184122075277
2010.0,9.0,11.0,0.42799999237060293,0.3449507154212052
2010.0,9.0,12.0,0.4249999999999665,0.3411393370225417
2010.0,9.0,13.0,0.425,0.3507520391131384
2010.0,9.0,14.0,0.42599998474120837,0.34307972637390277
2010.0,9.0,15.0,0.4270000076294337,0.339546973865951
2010.0,9.0,16.0,0.42299999237059804,0.3323706947726264
2010.0,9.0,17.0,0.4240000152587631,0.32714005887067743
2010.0,9.0,18.0,0.4079999923706161,0.32949843229513953
2010.0,9.0,19.0,0.36900001525878423,0.3234757423521801
2010.0,9.0,20.0,0.3449999999999669,0.31830370304450606
2010.0,9.0,21.0,0.3270000076294117,0.31673537552140474
2010.0,9.0,22.0,0.3200000000000234,0.3117805658070467
2010.0,9.0,23.0,0.3189999961852843,0.31763103966903683
2010.0,9.0,24.0,0.3110000038147227,0.3097126322403867
2010.0,9.0,25.0,0.30299999237061215,0.30379126451687344
2010.0,9.0,26.0,0.2970000076293928,0.29708776996289044
2010.0,9.0,27.0,0.2910000038146734,0.29177559596872427
2010.0,9.0,28.0,0.2850000000000197,0.2853114372458086
2010.0,9.0,29.0,0.27799999237058515,0.2799086324823443
2010.0,9.0,30.0,0.3290000152588135,0.300708538335242
2010.0,10.0,1.0,0.3079999923705685,0.31297265485196185
2010.0,10.0,2.0,0.297999992370638,0.3063145189327338
2010.0,10.0,3.0,0.29200000762939293,0.2995050649621324
2010.0,10.0,4.0,0.2860000038146726,0.29394825966283883
2010.0,10.0,5.0,0.27999999999999936,0.28871973407218776
2010.0,10.0,6.0,0.27100000381472533,0.2835779042766399
2010.0,10.0,7.0,0.2649999999999997,0.2778223059701975
2010.0,10.0,8.0,0.25399999618527147,0.2746540808682382
2010.0,10.0,9.0,0.25899999618530867,0.2884201127027144
2010.0,10.0,10.0,0.2679999923705978,0.2973435821708299
2010.0,10.0,11.0,0.2700000000000373,0.29506189440339264
2010.0,10.0,12.0,0.26799999237056804,0.29680067782823205
2010.0,10.0,13.0,0.26500000000003165,0.28988055154261344
2010.0,10.0,14.0,0.25999999999999446,0.2834191625446975
2010.0,10.0,15.0,0.25600000381466703,0.2790592169813194
2010.0,10.0,16.0,0.24700000762941166,0.2760742559230642
2010.0,10.0,17.0,0.23999999999998956,0.2709867811334978
2010.0,10.0,18.0,0.23100000381470664,0.26860152828885975
2010.0,10.0,19.0,0.21799999237060597,0.2626764793675444
2010.0,10.0,20.0,0.21200000762939197,0.2699184245930011
2010.0,10.0,21.0,0.2079999923705973,0.2654404418942527
2010.0,10.0,22.0,0.20299999237063382,0.2696568329149416
2010.0,10.0,23.0,0.1989999961852824,0.2638317631166467
2010.0,10.0,24.0,0.1910000038146915,0.2604566010719199
2010.0,10.0,25.0,0.18299999237061115,0.2547180731861936
2010.0,10.0,26.0,0.1779999923705997,0.24965309522270673
2010.0,10.0,27.0,0.17000000000002657,0.24706610258746203
2010.0,10.0,28.0,0.15800000190732355,0.2416991785170991
2010.0,10.0,29.0,0.15100000381469947,0.23635326216052197
2010.0,10.0,30.0,0.1450000000000191,0.23415163476533551
2010.0,10.0,31.0,0.13800000190735062,0.23068630606513565
2010.0,11.0,1.0,0.13300000190734274,0.22761325804733978
2010.0,11.0,2.0,0.13000000000000034,0.22488837397826797
2010.0,11.0,3.0,0.12800000190733396,0.22165651224692404
2010.0,11.0,4.0,0.12699999809265394,0.21863900422179228
2010.0,11.0,5.0,0.12500000000000666,0.21669097454451974
2010.0,11.0,6.0,0.12300000190735538,0.21501495076086136
2010.0,11.0,7.0,0.12100000381468723,0.21382017531937017
2010.0,11.0,8.0,0.11999999999999789,0.21273837195265397
2010.0,11.0,9.0,0.11800000190735549,0.21228193006835827
2010.0,11.0,10.0,0.11600000381470377,0.21130946347109433
2010.0,11.0,11.0,0.11399999618529844,0.21055918447276212
2010.0,11.0,12.0,0.11199999809264138,0.20976686657476196
2010.0,11.0,13.0,0.10899999618530742,0.20895010029417235
2010.0,11.0,14.0,0.10699999809265837,0.20803084259579868
2010.0,11.0,15.0,0.10499999999998977,0.2074605408992884
2010.0,11.0,16.0,0.10199999809265581,0.20704378618625785
2010.0,11.0,17.0,0.10000000000000675,0.20630205268818422
2010.0,11.0,18.0,0.0969999980926386,0.20574172981655703
2010.0,11.0,19.0,0.09500000000000686,0.2051374239643093
2010.0,11.0,20.0,0.09399999618530064,0.2045967861927942
2010.0,11.0,21.0,0.0950000000000022,0.2257704375315863
2010.0,11.0,22.0,0.09600000381469953,0.23001989357997066
2010.0,11.0,23.0,0.09699999809264237,0.22592756963127175
2010.0,11.0,24.0,0.09699999809265136,0.22196754267464366
2010.0,11.0,25.0,0.09800000190735081,0.21807740432372802
2010.0,11.0,26.0,0.09699999809264925,0.2156457997220297
2010.0,11.0,27.0,0.09699999809265136,0.21385684127835225
2010.0,11.0,28.0,0.09600000381470641,0.21233465233205298
2010.0,11.0,29.0,0.09399999618529842,0.21103394470017517
2010.0,11.0,30.0,0.09300000190735758,0.209979224125995
2010.0,12.0,1.0,0.09100000381469726,0.209184577252686
