Id,θs,θr,Ks,Ψm,σ,θsMacMat_ƞ,σMac,ΨmMac,So,θsMacMat,Φ,θs_Min,θr_Min,Ks_Min,Ψm_Min,σ_Min,θsMacMat_ƞ_Min,σMac_Min,ΨmMac_Min,So_Min,θsMacMat_Min,Φ_Min,θs_Max,θr_Max,Ks_Max,Ψm_Max,σ_Max,θsMacMat_ƞ_Max,σMac_Max,ΨmMac_Max,So_Max,θsMacMat_Max,Φ_Max,Nse,Nse_θΨ,Nse_KΨ,Rmse,Rmse_θΨ,Rmse_KΨ,KunsatModel
1.0,0.498246685,0.1953593629974231,0.0006264749998298472,3029.0819356660277,1.616828457174924,0.9999999998937887,0.7675,10.0,0.0,0.49824668494708063,0.5244701947368422,0.3,0.0,1.0e-8,100.0,0.75,0.75,0.2,1.0,0.0,0.0,0.0,0.6,0.195359363,0.000626475,1.0e14,4.0,1.0,2.0,100.0,0.0,0.0,0.0,0.9374322927366275,0.9662124843595895,0.9086521011136656,0.008435400246091861,0.016825885404846,4.491508733772471e-5,0.00925813138093979
2.0,0.478986892,0.18524429699754666,0.005090109999999708,1782.0174280239833,1.7057245798802787,0.9902366491083159,0.7675,10.0,0.0,0.4743103749008868,0.5041967284210527,0.3,0.0,1.0e-8,100.0,0.75,0.75,0.2,1.0,0.0,0.0,0.0,0.6,0.185244297,0.00509011,1.0e14,4.0,1.0,2.0,100.0,0.0,0.0,0.0,0.8665661867373242,0.9531719175986242,0.7799604558760243,0.00974920587017822,0.018574478772514367,0.0009239329678420711,0.008686607100758748
3.0,0.474649626,0.19999999996938667,0.0028974469999631072,2146.985645153991,1.7693231420480846,0.986179150159566,0.7675,10.0,0.0,0.46808956479223585,0.4996311852631579,0.3,0.0,1.0e-8,100.0,0.75,0.75,0.2,1.0,0.0,0.0,0.0,0.6,0.2,0.002897447,1.0e14,4.0,1.0,2.0,100.0,0.0,0.0,0.0,0.891156109227728,0.9489219662280005,0.8333902522274557,0.009077445501387142,0.017730919727134954,0.0004239712756393307,0.007313183803844472
4.0,0.47260314,0.19999999991180406,0.0017228059999793131,4464.584412385299,1.9858093769525227,0.9929470544719129,0.7675,10.0,0.0,0.46926989579717704,0.4974769894736842,0.3,0.0,1.0e-8,100.0,0.75,0.75,0.2,1.0,0.0,0.0,0.0,0.6,0.2,0.001722806,1.0e14,4.0,1.0,2.0,100.0,0.0,0.0,0.0,0.8719349793487565,0.9513603493485042,0.7925096093490088,0.00794533671175802,0.015610551995486464,0.00028012142802957384,0.007046056047783052
5.0,0.490090118,0.1999999999962646,0.00015661899999540438,59436.77140657068,2.3955237809807333,0.9870351372639578,0.7675,10.0,0.0,0.4837361668918393,0.5158843347368421,0.3,0.0,1.0e-8,100.0,0.75,0.75,0.2,1.0,0.0,0.0,0.0,0.6,0.2,0.000156619,1.0e14,4.0,1.0,2.0,100.0,0.0,0.0,0.0,0.8596164419306671,0.9881497387669339,0.7310831450944002,0.003247479706958196,0.006470179346711646,2.4780067204746156e-5,0.0066648316219519044
6.0,0.510892661,0.15990255195319938,0.0013312599999272116,3915.415881974157,1.8870158688178968,0.9999999999504073,0.7675,10.0,0.0,0.5108926609746635,0.5377817484210526,0.3,0.0,1.0e-8,100.0,0.75,0.75,0.2,1.0,0.0,0.0,0.0,0.6,0.159902552,0.00133126,1.0e14,4.0,1.0,2.0,100.0,0.0,0.0,0.0,0.920356160458942,0.9798914516532297,0.8608208692646543,0.00791694459477887,0.015671526828891086,0.00016236236066665603,0.012481214669934959
7.0,0.471073792,0.1640493849946461,0.005951512999936545,1768.6523261072193,1.4735192693107364,0.9857347026421018,0.7675,10.0,0.0,0.46435378427960733,0.4958671494736842,0.3,0.0,1.0e-8,100.0,0.75,0.75,0.2,1.0,0.0,0.0,0.0,0.6,0.164049385,0.005951513,1.0e14,4.0,1.0,2.0,100.0,0.0,0.0,0.0,0.7658740521387037,0.9381370127910216,0.5936110914863859,0.011776887447294136,0.022144224762654204,0.0014095501319340686,0.00941055627955576
8.0,0.477348652,0.199999999993136,0.0052467289999990644,2853.0310016153117,1.8845173748172397,0.9543437636619437,0.7675,10.0,0.0,0.45555470912863544,0.5024722652631579,0.3,0.0,1.0e-8,100.0,0.75,0.75,0.2,1.0,0.0,0.0,0.0,0.6,0.2,0.005246729,1.0e14,4.0,1.0,2.0,100.0,0.0,0.0,0.0,0.8497888218219976,0.9724578728795424,0.7271197707644526,0.00693742310406077,0.012809775521851823,0.0010650706862697186,0.006487931036437635
9.0,0.487846797,0.19999999942672111,0.0003915469956126329,5303.125313198825,1.7228503691053825,0.9999999983652806,0.7675,10.0,0.0,0.48784679620250737,0.5135229442105264,0.3,0.0,1.0e-8,100.0,0.75,0.75,0.2,1.0,0.0,0.0,0.0,0.6,0.2,0.000391547,1.0e14,4.0,1.0,2.0,100.0,0.0,0.0,0.0,0.8891534988091176,0.9078132891135842,0.8704937085046512,0.010645509684605868,0.021260023055404823,3.0996313806913566e-5,0.008011995596362339
10.0,0.477879902,0.19999999987261002,0.0001566189999993362,60832.673838625786,2.175009080791646,0.9999999999690414,0.7675,10.0,0.0,0.4778799019852055,0.5030314757894737,0.3,0.0,1.0e-8,100.0,0.75,0.75,0.2,1.0,0.0,0.0,0.0,0.6,0.2,0.000156619,1.0e14,4.0,1.0,2.0,100.0,0.0,0.0,0.0,0.9708701593231142,0.9919885777895152,0.949751740856713,0.0025589352095617677,0.005112540293322993,5.330125800542081e-6,0.006351896080102042
11.0,0.527386834,0.17885862565619312,0.011668097999922968,4442.495116080297,2.0321287892233313,0.9999999998966698,0.7675,10.0,0.0,0.527386833945505,0.5551440357894737,0.3,0.0,1.0e-8,100.0,0.75,0.75,0.2,1.0,0.0,0.0,0.0,0.6,0.18407785599999998,0.011668098,1.0e14,4.0,1.0,2.0,100.0,0.0,0.0,0.0,0.8512436435094654,0.9909546178629295,0.7115326691560013,0.006237840143052243,0.01003396401392741,0.0024417162721770756,0.0122086595435677
12.0,0.467578045,0.19999999993025522,0.0031323749996177417,5222.539761449958,2.0236770463246843,0.946821920113376,0.7675,10.0,0.0,0.4427131423697585,0.4921874157894737,0.3,0.0,1.0e-8,100.0,0.75,0.75,0.2,1.0,0.0,0.0,0.0,0.6,0.2,0.003132375,1.0e14,4.0,1.0,2.0,100.0,0.0,0.0,0.0,0.8185123981081919,0.9264374843301257,0.710587311886258,0.008655200746436862,0.016671784989720616,0.0006386165031531058,0.0055930486876603685
13.0,0.469210886,0.19999999998510304,0.020534460999043606,54708.38591149972,2.5473504466417616,0.8992944893351279,0.7675,10.0,0.0,0.4219587641158529,0.4939061957894737,0.3,0.0,1.0e-8,100.0,0.75,0.75,0.2,1.0,0.0,0.0,0.0,0.6,0.2,0.020534461,1.0e14,4.0,1.0,2.0,100.0,0.0,0.0,0.0,0.7128426652439281,0.9198992776743881,0.5057860528134683,0.010475286052123582,0.014929744541734517,0.006020827562512647,0.003980826802740569
14.0,0.463890776,0.19999999983115105,0.0017750129999977327,76839.83905409527,2.508225527209868,0.9291748300260363,0.7675,10.0,0.0,0.43103563294044606,0.48830608000000003,0.3,0.0,1.0e-8,100.0,0.75,0.75,0.2,1.0,0.0,0.0,0.0,0.6,0.2,0.001775013,1.0e14,4.0,1.0,2.0,100.0,0.0,0.0,0.0,0.7936837666056313,0.9616095587516478,0.6257579744596149,0.004770364974442862,0.009143618575902386,0.00039711137298333813,0.004237262005060538
15.0,0.435701889,0.19999999999993973,8.352999999990548e-5,76514.1260366779,2.2133534902853853,0.9999999999992017,0.7675,10.0,0.0,0.43570188899965223,0.4586335673684211,0.3,0.0,1.0e-8,100.0,0.75,0.75,0.2,1.0,0.0,0.0,0.0,0.6,0.2,8.353e-5,1.0e14,4.0,1.0,2.0,100.0,0.0,0.0,0.0,0.6991660170959744,0.7979358341192118,0.600396200072737,0.007761559379156055,0.015512174003740409,1.09447545717013e-5,0.004409332490795179
16.0,0.447265299,0.19999999999966853,0.0007830939999852738,120923.06787452204,2.618624193115143,0.9643441100161779,0.7675,10.0,0.0,0.4313176567052747,0.47080557789473687,0.3,0.0,1.0e-8,100.0,0.75,0.75,0.2,1.0,0.0,0.0,0.0,0.6,0.2,0.000783094,1.0e14,4.0,1.0,2.0,100.0,0.0,0.0,0.0,0.8190095160266071,0.9908794438568406,0.6471395881963737,0.001971916801192213,0.003780257850303678,0.00016357575208074775,0.004128086092287966
17.0,0.427632006,0.19999999997806225,0.0012529499999801561,26105.412790590555,2.4483408530283546,0.9789107080361225,0.7675,10.0,0.0,0.41861354977236737,0.45013895368421053,0.3,0.0,1.0e-8,100.0,0.75,0.75,0.2,1.0,0.0,0.0,0.0,0.6,0.2,0.00125295,1.0e14,4.0,1.0,2.0,100.0,0.0,0.0,0.0,0.7786447526729621,0.9840573548701814,0.5732321504757426,0.0033911925968790977,0.00644590885785035,0.00033647633590784537,0.004042801551560442
18.0,0.511178476,0.19249065177275598,0.007642995999074592,5401.829208797866,2.0973026081829054,0.9999999999996341,0.7675,10.0,0.0,0.5111784759998129,0.5380826063157895,0.3,0.0,1.0e-8,100.0,0.75,0.75,0.2,1.0,0.0,0.0,0.0,0.6,0.2,0.007642996,1.0e14,4.0,1.0,2.0,100.0,0.0,0.0,0.0,0.8307236598025698,0.9969096281385383,0.6645376914666012,0.003571139788857805,0.005354550043116099,0.0017877295345995116,0.009968037240338064
19.0,0.47878148,0.19999999999505344,0.008353000999872446,2897.199855950678,1.8896382965223317,0.9575508182829802,0.7675,10.0,0.0,0.4584575979527363,0.5039805052631579,0.3,0.0,1.0e-8,100.0,0.75,0.75,0.2,1.0,0.0,0.0,0.0,0.6,0.2,0.008353001,1.0e14,4.0,1.0,2.0,100.0,0.0,0.0,0.0,0.8381859926903661,0.9423889857400343,0.7339829996406979,0.009085230472329923,0.01649070575851752,0.0016797551861423257,0.0066392820625987515
20.0,0.477633367,0.19999999992012604,0.00747593599984283,12313.434455695471,2.2264485910782943,0.9318698189738187,0.7675,10.0,0.0,0.4450921192421455,0.5027719652631579,0.3,0.0,1.0e-8,100.0,0.75,0.75,0.2,1.0,0.0,0.0,0.0,0.6,0.2,0.007475936,1.0e14,4.0,1.0,2.0,100.0,0.0,0.0,0.0,0.7959446924564861,0.954742787723155,0.6371465971898174,0.007478063605992245,0.013188535030386151,0.0017675921815983383,0.005406148677720273
21.0,0.479639561,0.19999999999983817,0.002157858999997348,41255.973170648096,2.3903859263447065,0.9203049113903656,0.7675,10.0,0.0,0.4414146436854189,0.5048837484210527,0.3,0.0,1.0e-8,100.0,0.75,0.75,0.2,1.0,0.0,0.0,0.0,0.6,0.2,0.002157859,1.0e14,4.0,1.0,2.0,100.0,0.0,0.0,0.0,0.8030478539385998,0.9698285805158909,0.6362671273613086,0.005008169295751791,0.009537547831663738,0.0004787907598398435,0.004841432782612128
22.0,0.430391702,0.1999999999967126,0.0001392169999999966,59574.47403888165,2.129937429624973,0.995748260163135,0.7675,10.0,0.0,0.42856178845515047,0.4530438968421053,0.3,0.0,1.0e-8,100.0,0.75,0.75,0.2,1.0,0.0,0.0,0.0,0.6,0.2,0.000139217,1.0e14,4.0,1.0,2.0,100.0,0.0,0.0,0.0,0.8949252180842721,0.9400754824842248,0.8497749536843194,0.005360600083879014,0.010712439284690236,8.760883067793249e-6,0.004195467735554518
23.0,0.452513053,0.19999999999505685,0.00015661899996742307,26560.936394907192,2.02316823633043,0.9759348734009848,0.7675,10.0,0.0,0.4416232690918481,0.47632952947368423,0.3,0.0,1.0e-8,100.0,0.75,0.75,0.2,1.0,0.0,0.0,0.0,0.6,0.2,0.000156619,1.0e14,4.0,1.0,2.0,100.0,0.0,0.0,0.0,0.8725654313124401,0.9415391855777119,0.8035916770471683,0.006755101531558323,0.013495742789310827,1.4460273805818532e-5,0.004975860593152464
24.0,0.441694576,0.1999999999339946,4.1764999999021505e-5,2504.447521090532,1.356957505820143,0.9999999999800532,0.7675,10.0,0.0,0.4416945759911896,0.46494165894736844,0.3,0.0,1.0e-8,100.0,0.75,0.75,0.2,1.0,0.0,0.0,0.0,0.6,0.2,4.1765e-5,1.0e14,4.0,1.0,2.0,100.0,0.0,0.0,0.0,0.8158057361758569,0.9031052061996999,0.728506266152014,0.010543629484930045,0.021084694437448176,2.5645324119132245e-6,0.00579038297109023
25.0,0.513102202,0.19999999998867993,0.005220625999890993,4828.057297461217,2.059871452292521,0.9999999999771888,0.7675,10.0,0.0,0.5131022019882955,0.5401075810526316,0.3,0.0,1.0e-8,100.0,0.75,0.75,0.2,1.0,0.0,0.0,0.0,0.6,0.2,0.005220626,1.0e14,4.0,1.0,2.0,100.0,0.0,0.0,0.0,0.8500494059045589,0.9913395988205684,0.7087592129885494,0.004994398291356298,0.008898631465425945,0.0010901651172866512,0.009668137984329597
26.0,0.464688542,0.19999999999849666,0.0012529499998273324,2745.405577845124,1.8230412577277053,0.9758112952939274,0.7675,10.0,0.0,0.4534483280772666,0.48914583368421055,0.3,0.0,1.0e-8,100.0,0.75,0.75,0.2,1.0,0.0,0.0,0.0,0.6,0.2,0.00125295,1.0e14,4.0,1.0,2.0,100.0,0.0,0.0,0.0,0.8814440184582293,0.9335479397519709,0.8293400971644876,0.008738439084939254,0.017297992431676977,0.00017888573820153066,0.006387723942860444
27.0,0.440682895,0.19999999998125054,0.0001670599999443272,31597.503802016672,2.234420371401804,0.9772657450209851,0.7675,10.0,0.0,0.43066429770017955,0.46387673157894743,0.3,0.0,1.0e-8,100.0,0.75,0.75,0.2,1.0,0.0,0.0,0.0,0.6,0.2,0.00016706,1.0e14,4.0,1.0,2.0,100.0,0.0,0.0,0.0,0.8953997176460575,0.9823649042550439,0.8084345310370712,0.003500445498993189,0.006982050813196387,1.884018478999036e-5,0.004465270556230064
28.0,0.517107509,0.19999999999670437,0.049178293999157074,10953.137341219835,2.209805150977508,0.8505828000640495,0.7675,10.0,0.0,0.4398427529393657,0.5443236936842105,0.3,0.0,1.0e-8,100.0,0.75,0.75,0.2,1.0,0.0,0.0,0.0,0.6,0.2,0.049178294,1.0e14,4.0,1.0,2.0,100.0,0.0,0.0,0.0,0.7396675322951083,0.9688540167115296,0.5104810478786872,0.013539747119883502,0.012610476630773453,0.01446901760899355,0.23882835162878296
29.0,0.53912853,0.19999999998083634,6.960829998681263e-5,38228.51053285021,2.328721101949714,0.9772308457096688,0.7675,10.0,0.0,0.5268530293181106,0.5675037157894738,0.3,0.0,1.0e-8,100.0,0.75,0.75,0.2,1.0,0.0,0.0,0.0,0.6,0.2,6.96083e-5,1.0e14,4.0,1.0,2.0,100.0,0.0,0.0,0.0,0.8706326553136743,0.9870795087020796,0.754185801925269,0.004078967701789533,0.008148099785611911,9.835617967154824e-6,0.009265328879682209
30.0,0.538240107,0.19999999998758367,0.002871343999866086,3492.854789421056,1.8897768250508058,0.999999999999459,0.7675,10.0,0.0,0.5382401069997088,0.5665685336842106,0.3,0.0,1.0e-8,100.0,0.75,0.75,0.2,1.0,0.0,0.0,0.0,0.6,0.2,0.002871344,1.0e14,4.0,1.0,2.0,100.0,0.0,0.0,0.0,0.9185797191942738,0.985475390594753,0.8516840477937947,0.0062890680953410225,0.012208849446286061,0.0003692867443959841,0.011623825516641805
31.0,0.474686039,0.19999999999752963,0.00501180099999819,3512.1619624659847,1.9538006591795283,0.9716498261264551,0.7675,10.0,0.0,0.4612286072590057,0.4996695147368421,0.3,0.0,1.0e-8,100.0,0.75,0.75,0.2,1.0,0.0,0.0,0.0,0.6,0.2,0.005011801,1.0e14,4.0,1.0,2.0,100.0,0.0,0.0,0.0,0.8488256177380678,0.9695412372805989,0.7281099981955366,0.006786006936958915,0.012558558143968125,0.0010134557299497052,0.006709497428869712
32.0,0.44308694,0.1999999999839666,8.352999998640513e-5,31754.501336849968,2.1956289008322565,0.9633609286980448,0.7675,10.0,0.0,0.4268526460123748,0.4664073052631579,0.3,0.0,1.0e-8,100.0,0.75,0.75,0.2,1.0,0.0,0.0,0.0,0.6,0.2,8.353e-5,1.0e14,4.0,1.0,2.0,100.0,0.0,0.0,0.0,0.8886156338143408,0.9775414024376328,0.7996898651910489,0.003933465313147385,0.00785774109906974,9.189527225030033e-6,0.004306723987865004
33.0,0.476733642,0.199999999783211,0.0001670599999609305,15787.94785879568,2.0133628712679665,0.9999999998178077,0.7675,10.0,0.0,0.4767336419131428,0.5018248863157895,0.3,0.0,1.0e-8,100.0,0.75,0.75,0.2,1.0,0.0,0.0,0.0,0.6,0.2,0.00016706,1.0e14,4.0,1.0,2.0,100.0,0.0,0.0,0.0,0.9357401709969722,0.9821105403001388,0.8893698016938054,0.00466700679138864,0.009321166598787182,1.284698399009835e-5,0.006872425370262705
34.0,0.529558879,0.19999999996651616,5.220629999961436e-5,38144.701439822195,1.981323984510431,0.9999999999983101,0.7675,10.0,0.0,0.5295588789991051,0.5574303989473685,0.3,0.0,1.0e-8,100.0,0.75,0.75,0.2,1.0,0.0,0.0,0.0,0.6,0.2,5.22063e-5,1.0e14,4.0,1.0,2.0,100.0,0.0,0.0,0.0,0.9663250251524841,0.9671282018329593,0.9655218484720088,0.0062834292257979455,0.01256586902357822,9.894280176716013e-7,0.00940009364416324
35.0,0.514617672,0.1999999999609199,0.005220625999803391,3138.3965119359514,1.8317685619065287,0.9999999999971588,0.7675,10.0,0.0,0.5146176719985378,0.5417028126315789,0.3,0.0,1.0e-8,100.0,0.75,0.75,0.2,1.0,0.0,0.0,0.0,0.6,0.2,0.005220626,1.0e14,4.0,1.0,2.0,100.0,0.0,0.0,0.0,0.9232479109368639,0.9895683702898879,0.8569274515838398,0.005251851248836265,0.009899139995320586,0.0006045625023519438,0.010030330949915064
36.0,0.464724349,0.19999999998563858,0.005137095999989197,2380.873689384038,1.8242125675291876,0.9759529483364799,0.7675,10.0,0.0,0.45354909857030123,0.4891835252631579,0.3,0.0,1.0e-8,100.0,0.75,0.75,0.2,1.0,0.0,0.0,0.0,0.6,0.2,0.005137096,1.0e14,4.0,1.0,2.0,100.0,0.0,0.0,0.0,0.8768955563844032,0.9690881795213632,0.7847029332474433,0.0068530289558062915,0.012807531821579355,0.0008985260900332281,0.006453583138481804
37.0,0.439477431,0.1999999999982631,0.00511621299999223,4020.6083157097532,1.9988677998202349,0.9875908454085659,0.7675,10.0,0.0,0.4340238876192747,0.46260782210526313,0.3,0.0,1.0e-8,100.0,0.75,0.75,0.2,1.0,0.0,0.0,0.0,0.6,0.2,0.005116213,1.0e14,4.0,1.0,2.0,100.0,0.0,0.0,0.0,0.8458384764730517,0.9649507504661083,0.726726202479995,0.0063443119245364535,0.011632257885663515,0.0010563659634093918,0.005264585039576903
38.0,0.455516131,0.1999999994692207,0.0013573629981157907,8989.707100497475,2.0921114410494854,0.9535162638621953,0.7675,10.0,0.0,0.4343420393600823,0.47949066421052633,0.3,0.0,1.0e-8,100.0,0.75,0.75,0.2,1.0,0.0,0.0,0.0,0.6,0.2,0.001357363,1.0e14,4.0,1.0,2.0,100.0,0.0,0.0,0.0,0.8436756805697416,0.9553744479495916,0.7319769131898919,0.006409523218343696,0.012566094511899389,0.000252951924788003,0.005010887312939315
39.0,0.460783107,0.19999999998959486,0.0007830939999693102,12575.408916317923,2.2037959626397825,0.9999999999986667,0.7675,10.0,0.0,0.4607831069993857,0.48503484947368425,0.3,0.0,1.0e-8,100.0,0.75,0.75,0.2,1.0,0.0,0.0,0.0,0.6,0.2,0.000783094,1.0e14,4.0,1.0,2.0,100.0,0.0,0.0,0.0,0.8579563478156396,0.9739175481601259,0.7419951474711532,0.005205226064115324,0.010264651278223423,0.0001458008500072249,0.006159290954151613
40.0,0.529426465,0.18892654094824174,0.002923549999837495,2634.0408217064355,1.5630045888425015,0.9999999999808814,0.7675,10.0,0.0,0.5294264649898781,0.5572910157894737,0.3,0.0,1.0e-8,100.0,0.75,0.75,0.2,1.0,0.0,0.0,0.0,0.6,0.188926541,0.00292355,1.0e14,4.0,1.0,2.0,100.0,0.0,0.0,0.0,0.8893945190871317,0.9831681913128202,0.7956208468614433,0.0070715796541656484,0.013787866514676901,0.00035529279365439584,0.011982000385962704
41.0,0.47419645,0.18496771097808892,0.017932848999851606,2872.9045651219762,1.8868312491830876,0.9780889102870316,0.7675,10.0,0.0,0.46380628904247884,0.4991541578947369,0.3,0.0,1.0e-8,100.0,0.75,0.75,0.2,1.0,0.0,0.0,0.0,0.6,0.184967711,0.017932849,1.0e14,4.0,1.0,2.0,100.0,0.0,0.0,0.0,0.8675034673754171,0.9894486522499045,0.7455582825009296,0.006181534056158625,0.008873306285807825,0.003489761826509426,0.007807064118864872
42.0,0.463869528,0.19659339199497178,0.0038110569999717605,2157.276311037229,1.7913388816207532,0.9773899205828143,0.7675,10.0,0.0,0.45338140113270753,0.48828371368421053,0.3,0.0,1.0e-8,100.0,0.75,0.75,0.2,1.0,0.0,0.0,0.0,0.6,0.196593392,0.003811057,1.0e14,4.0,1.0,2.0,100.0,0.0,0.0,0.0,0.8851395832683696,0.9711802632445877,0.7990989032921516,0.006937804259695915,0.013235829426286316,0.0006397790931055121,0.006671829864913234
43.0,0.463761468,0.19999999999513446,0.0020882499999563646,2906.6672877020474,1.8816505396399053,0.9832443032765535,0.7675,10.0,0.0,0.45599082149017167,0.4881699663157895,0.3,0.0,1.0e-8,100.0,0.75,0.75,0.2,1.0,0.0,0.0,0.0,0.6,0.2,0.00208825,1.0e14,4.0,1.0,2.0,100.0,0.0,0.0,0.0,0.8659862760968151,0.9434679403216909,0.7885046118719392,0.008365175205820596,0.01637111240775107,0.00035923800389012206,0.006503359241858197
44.0,0.476002427,0.1999999999737636,0.0023492819997334323,26685.840326437858,2.385946186371724,0.9659548435722429,0.7675,10.0,0.0,0.459796849912793,0.5010551863157895,0.3,0.0,1.0e-8,100.0,0.75,0.75,0.2,1.0,0.0,0.0,0.0,0.6,0.2,0.002349282,1.0e14,4.0,1.0,2.0,100.0,0.0,0.0,0.0,0.8167106492468118,0.9866562532697153,0.6467650452239083,0.0037246638741350972,0.006906352857667389,0.0005429748906028054,0.005824392283378426
45.0,0.525754786,0.18067876779431524,0.006369162999994769,2527.38557508221,1.7184737218319979,0.9999999999988937,0.7675,10.0,0.0,0.5257547859994184,0.5534260905263159,0.3,0.0,1.0e-8,100.0,0.75,0.75,0.2,1.0,0.0,0.0,0.0,0.6,0.180678768,0.006369163,1.0e14,4.0,1.0,2.0,100.0,0.0,0.0,0.0,0.9263217766547474,0.9881954061755714,0.8644481471339234,0.0062519493649561,0.011757781961022507,0.0007461167688896934,0.01237455793558655
46.0,0.466736055,0.19732465699852855,0.004228706999996006,2032.437602221929,1.7714686826357895,0.9866190124629826,0.7675,10.0,0.0,0.4604906656649683,0.4913011105263158,0.3,0.0,1.0e-8,100.0,0.75,0.75,0.2,1.0,0.0,0.0,0.0,0.6,0.197324657,0.004228707,1.0e14,4.0,1.0,2.0,100.0,0.0,0.0,0.0,0.8827674244144823,0.9649138768050374,0.8006209720239271,0.007746350055094862,0.014774414182047193,0.0007182859281425299,0.007055979618282733
47.0,0.455684577,0.1999999999996283,0.0025058999999611896,3546.924263649778,1.957083669767477,0.9806552653512965,0.7675,10.0,0.0,0.4468694797744283,0.4796679757894737,0.3,0.0,1.0e-8,100.0,0.75,0.75,0.2,1.0,0.0,0.0,0.0,0.6,0.2,0.0025059,1.0e14,4.0,1.0,2.0,100.0,0.0,0.0,0.0,0.8561172369281674,0.9787139779130419,0.7335204959432929,0.005575539747642533,0.010650038465696192,0.0005010410295888737,0.005945366537710541
48.0,0.471092321,0.1999999999587522,0.00156618799977357,17996.458287700283,2.3011963487921654,0.9524291712090548,0.7675,10.0,0.0,0.44868206885297995,0.49588665368421053,0.3,0.0,1.0e-8,100.0,0.75,0.75,0.2,1.0,0.0,0.0,0.0,0.6,0.2,0.001566188,1.0e14,4.0,1.0,2.0,100.0,0.0,0.0,0.0,0.8155652205726392,0.9786567278720144,0.6524737132732641,0.004601468066230499,0.008847579050077468,0.0003553570823835297,0.005442090514667952
49.0,0.469324884,0.19999999993136064,0.0010180219999985855,33995.896692418406,2.5009461074785118,0.9947629603801094,0.7675,10.0,0.0,0.4668670109878914,0.4940261936842105,0.3,0.0,1.0e-8,100.0,0.75,0.75,0.2,1.0,0.0,0.0,0.0,0.6,0.2,0.001018022,1.0e14,4.0,1.0,2.0,100.0,0.0,0.0,0.0,0.7912817445687911,0.9920049893059746,0.5905584998316076,0.0027314722490175956,0.005201319906673804,0.0002616245913613873,0.006076463672205675
50.0,0.493485205,0.19999999999946116,0.0034456129999961382,2984.3792739307246,1.8401248538669224,0.999999999998844,0.7675,10.0,0.0,0.49348520499942955,0.5194581105263157,0.3,0.0,1.0e-8,100.0,0.75,0.75,0.2,1.0,0.0,0.0,0.0,0.6,0.2,0.003445613,1.0e14,4.0,1.0,2.0,100.0,0.0,0.0,0.0,0.9134736835588834,0.9819149410716128,0.8450324260461539,0.006046531698018269,0.011623809631575825,0.0004692537644607133,0.008680360547835858
51.0,0.493330065,0.19999999999513834,0.005638275999838614,2938.8766973607085,1.8794087145910785,0.9868262983582266,0.7675,10.0,0.0,0.4868310819127733,0.5192948052631579,0.3,0.0,1.0e-8,100.0,0.75,0.75,0.2,1.0,0.0,0.0,0.0,0.6,0.2,0.005638276,1.0e14,4.0,1.0,2.0,100.0,0.0,0.0,0.0,0.8596414185506114,0.9371690274075736,0.7821138096936491,0.009889574878045164,0.018779963288236588,0.0009991864678537425,0.008277976318840054
52.0,0.531089057,0.1951975509166498,0.004228706999534326,2591.760295758489,1.7481461715924718,0.9999999999579162,0.7675,10.0,0.0,0.5310890569776497,0.559041112631579,0.3,0.0,1.0e-8,100.0,0.75,0.75,0.2,1.0,0.0,0.0,0.0,0.6,0.195197551,0.004228707,1.0e14,4.0,1.0,2.0,100.0,0.0,0.0,0.0,0.9308751132202815,0.979586646123369,0.8821635803171939,0.007573308754188577,0.014683768274937076,0.00046284923344007834,0.0116675158009274
53.0,0.480090032,0.19775609896705518,0.008822856999534752,2229.00227319645,1.8022414200589933,0.9761043803918029,0.7675,10.0,0.0,0.4686179832176408,0.5053579284210526,0.3,0.0,1.0e-8,100.0,0.75,0.75,0.2,1.0,0.0,0.0,0.0,0.6,0.197756099,0.008822857,1.0e14,4.0,1.0,2.0,100.0,0.0,0.0,0.0,0.8795342156864201,0.9815470627667114,0.7775213686061286,0.006444559437696404,0.011294618741141585,0.0015945001342512239,0.0074584555186997335
54.0,0.489386645,0.1999999999916394,0.01018021999700833,4004.7252493604456,1.9975483874147109,0.9363935865987967,0.7675,10.0,0.0,0.45825851574510207,0.5151438368421053,0.3,0.0,1.0e-8,100.0,0.75,0.75,0.2,1.0,0.0,0.0,0.0,0.6,0.2,0.01018022,1.0e14,4.0,1.0,2.0,100.0,0.0,0.0,0.0,0.8082986591172698,0.9585200416754759,0.6580772765590639,0.008416739395470312,0.014418124276654298,0.002415354514286325,0.00649418540926361
55.0,0.467819381,0.19999999998024612,0.0018794249990540643,5526.8895107164235,2.051774547040682,0.9694611620057436,0.7675,10.0,0.0,0.45353272071306766,0.49244145368421055,0.3,0.0,1.0e-8,100.0,0.75,0.75,0.2,1.0,0.0,0.0,0.0,0.6,0.2,0.001879425,1.0e14,4.0,1.0,2.0,100.0,0.0,0.0,0.0,0.8395749607640313,0.9509096394523412,0.7282402820757213,0.007416524176808838,0.014464707480181294,0.00036834087343638283,0.006115504212673973
56.0,0.472718107,0.19999999996569287,0.0007830939994784667,16480.07628667871,2.2483765383643894,0.9999999999107021,0.7675,10.0,0.0,0.47271810695778727,0.4975980073684211,0.3,0.0,1.0e-8,100.0,0.75,0.75,0.2,1.0,0.0,0.0,0.0,0.6,0.2,0.000783094,1.0e14,4.0,1.0,2.0,100.0,0.0,0.0,0.0,0.8774318059617324,0.9862604211290775,0.7686031907943873,0.004058736276932787,0.007988864963466525,0.0001286075903990487,0.006657586032188942
57.0,0.544410611,0.17569415208606595,0.020203820999990206,4626.206215619712,2.0456357754400054,0.9966484237429004,0.7675,10.0,0.0,0.5425859773220593,0.5730638010526315,0.3,0.0,1.0e-8,100.0,0.75,0.75,0.2,1.0,0.0,0.0,0.0,0.6,0.187532175,0.020203821,1.0e14,4.0,1.0,2.0,100.0,0.0,0.0,0.0,0.8376498293292589,0.9991931840489175,0.6761064746096004,0.0038683904203050184,0.0031763088319694288,0.0045604720086406085,0.013583302903442451
58.0,0.474274501,0.19999999999956872,0.00626475099999868,2189.657422159921,1.7963050964189666,0.9903493405370118,0.7675,10.0,0.0,0.46969743929887037,0.4992363168421053,0.3,0.0,1.0e-8,100.0,0.75,0.75,0.2,1.0,0.0,0.0,0.0,0.6,0.2,0.006264751,1.0e14,4.0,1.0,2.0,100.0,0.0,0.0,0.0,0.8967061443920711,0.9658949289175216,0.8275173598666207,0.007916407927726524,0.014890420293833235,0.0009423955616198131,0.007398748467787945
59.0,0.459283225,0.19999999999070286,0.0015661879999937418,2784.5031052761324,1.8276918546630778,0.9967216781927415,0.7675,10.0,0.0,0.4577775467877745,0.4834560263157895,0.3,0.0,1.0e-8,100.0,0.75,0.75,0.2,1.0,0.0,0.0,0.0,0.6,0.2,0.001566188,1.0e14,4.0,1.0,2.0,100.0,0.0,0.0,0.0,0.9042960151739508,0.9489360935225203,0.8596559368253811,0.008111861996554778,0.016025607280164292,0.00019811671294526334,0.006616177206883229
60.0,0.455492456,0.19999999999280782,0.005403347998847408,13315.3066874918,2.2847748842341336,0.9908423497288428,0.7675,10.0,0.0,0.45132121538680153,0.47946574315789475,0.3,0.0,1.0e-8,100.0,0.75,0.75,0.2,1.0,0.0,0.0,0.0,0.6,0.2,0.005403348,1.0e14,4.0,1.0,2.0,100.0,0.0,0.0,0.0,0.8241034659569486,0.9804498363255917,0.6677570955883054,0.0049428178302085846,0.008656233492706483,0.0012294021677106866,0.005676552453980615
61.0,0.472281675,0.19999999998046972,0.0006264749998803906,19211.47752266845,2.3283139024946524,0.9999999999933064,0.7675,10.0,0.0,0.4722816749968387,0.49713860526315795,0.3,0.0,1.0e-8,100.0,0.75,0.75,0.2,1.0,0.0,0.0,0.0,0.6,0.2,0.000626475,1.0e14,4.0,1.0,2.0,100.0,0.0,0.0,0.0,0.8479489571051928,0.9909637091232008,0.704934205087185,0.003240519604369633,0.00635777347070963,0.00012326573802963652,0.0065733332588341796
62.0,0.535877386,0.19682944877572606,0.0025058999999368553,3767.216400461836,1.8967588133448763,0.9999999999903098,0.7675,10.0,0.0,0.5358773859948073,0.5640814589473685,0.3,0.0,1.0e-8,100.0,0.75,0.75,0.2,1.0,0.0,0.0,0.0,0.6,0.196829449,0.0025059,1.0e14,4.0,1.0,2.0,100.0,0.0,0.0,0.0,0.9192547066700059,0.9802877322399749,0.8582216811000369,0.007605013058942459,0.014900448266542412,0.0003095778513425071,0.01162547708199802
63.0,0.467379006,0.19999999999937362,0.006264750999349656,2380.984768964658,1.824228118802522,0.9999999999077123,0.7675,10.0,0.0,0.46737900595686666,0.49197790105263156,0.3,0.0,1.0e-8,100.0,0.75,0.75,0.2,1.0,0.0,0.0,0.0,0.6,0.2,0.006264751,1.0e14,4.0,1.0,2.0,100.0,0.0,0.0,0.0,0.8970054827768726,0.9790731527792814,0.814937812774464,0.006187474664624291,0.011372443125576186,0.0010025062036723958,0.007225611218944647
64.0,0.471220574,0.19999999999663426,0.011485375999674504,3519.203838752014,1.9544683226134256,0.9583663511174907,0.7675,10.0,0.0,0.4516019420758695,0.4960216568421053,0.3,0.0,1.0e-8,100.0,0.75,0.75,0.2,1.0,0.0,0.0,0.0,0.6,0.2,0.011485376,1.0e14,4.0,1.0,2.0,100.0,0.0,0.0,0.0,0.8365042154783138,0.9702167458283947,0.7027916851282328,0.007268376958361907,0.012078597695169524,0.0024581562215542905,0.006193552598296146
65.0,0.458113635,0.1999999999870895,0.004124293999679613,27071.369594060787,2.4635895082077206,0.9894430520215343,0.7675,10.0,0.0,0.4532773531870792,0.4822248789473685,0.3,0.0,1.0e-8,100.0,0.75,0.75,0.2,1.0,0.0,0.0,0.0,0.6,0.2,0.004124294,1.0e14,4.0,1.0,2.0,100.0,0.0,0.0,0.0,0.7877737887406251,0.9895836681712249,0.5859639093100253,0.003449798400197001,0.005817204626629132,0.00108239217376487,0.00551708881841207
66.0,0.468304885,0.19999999994061662,0.0053876859998489585,20053.40639051715,2.3877942430467733,0.9999999997976335,0.7675,10.0,0.0,0.4683048849052308,0.49295251052631583,0.3,0.0,1.0e-8,100.0,0.75,0.75,0.2,1.0,0.0,0.0,0.0,0.6,0.2,0.005387686,1.0e14,4.0,1.0,2.0,100.0,0.0,0.0,0.0,0.8137879100258847,0.9906745911354915,0.636901228916278,0.0037585889670458798,0.006208116420454112,0.0013090615136376476,0.006356601713551796
